{"stats":{"minecraft:used":{"minecraft:water_bucket":2,"minecraft:oak_planks":32,"minecraft:wooden_pickaxe":12,"butchersdelightfoods:beeftenderloin":1,"minecraft:rotten_flesh":1,"minecraft:salmon":1,"minecraft:mossy_cobblestone":3,"minecraft:crafting_table":1,"minecraft:carrot":11,"minecraft:cod":2,"butchersdelightfoods:legcow":1,"minecraft:oak_log":1,"minecraft:wooden_axe":49,"minecraft:apple":1,"minecraft:bread":2,"minecraft:stone_axe":37,"minecraft:bucket":1,"tombstone:gift":1,"minecraft:skeleton_skull":1,"alexsmobs:animal_dictionary":17,"minecraft:potato":1},"minecraft:crafted":{"minecraft:oak_planks":48,"minecraft:crafting_table":1,"minecraft:wooden_pickaxe":1,"minecraft:oak_wood":3,"minecraft:stone_axe":1,"minecraft:stick":8,"minecraft:stone_pickaxe":1,"minecraft:wooden_axe":1,"minecraft:white_bed":1},"minecraft:mined":{"minecraft:spruce_planks":2,"minecraft:tall_grass":6,"regions_unexplored:mauve_log":5,"minecraft:oak_planks":3,"minecraft:spawner":1,"minecraft:birch_planks":2,"regions_unexplored:sandy_tall_grass":4,"minecraft:barrel":2,"regions_unexplored:mossy_stone":3,"regions_unexplored:sandy_grass":11,"minecraft:grass":20,"minecraft:oak_log":14,"minecraft:stripped_oak_log":1,"regions_unexplored:medium_grass":2,"minecraft:stone":7,"minecraft:oak_leaves":4,"minecraft:fern":2},"minecraft:killed_by":{"minecraft:player":2,"born_in_chaos_v1:nightmare_stalker":1,"minecraft:zombie":1},"minecraft:picked_up":{"minecraft:stripped_oak_log":2,"born_in_chaos_v1:corpse_maggot":1,"minecraft:iron_chestplate":1,"minecraft:wheat":18,"butchersdelightfoods:beeftenderloin":1,"minecraft:chicken":1,"butchersdelightfoods:legcow":1,"farmersdelight:rice":4,"minecraft:salmon":1,"minecraft:leather":1,"minecraft:brown_wool":2,"minecraft:wooden_pickaxe":1,"minecraft:filled_map":1,"minecraft:enchanted_book":1,"minecraft:oak_log":22,"minecraft:moss_carpet":1,"minecraft:bone":3,"butchersdelightfoods:sheeploin":4,"minecraft:wheat_seeds":6,"minecraft:spruce_planks":4,"scalinghealth:power_crystal_shard":5,"minecraft:light_gray_wool":2,"minecraft:oak_planks":3,"born_in_chaos_v1:shattered_skull":1,"farmersdelight:tomato_seeds":6,"minecraft:carrot":8,"minecraft:leather_helmet":1,"minecraft:barrel":1,"minecraft:mossy_cobblestone":9,"minecraft:rotten_flesh":71,"minecraft:tropical_fish":3,"regions_unexplored:mauve_log":8,"minecraft:chainmail_leggings":1,"minecraft:iron_helmet":1,"farmersdelight:rope":10,"butchersdelightfoods:sheeprack":2,"butchersdelightfoods:sheepshank":6,"minecraft:skeleton_skull":1,"minecraft:cod":22,"minecraft:white_wool":5,"minecraft:cobblestone":8,"minecraft:wooden_axe":1},"minecraft:killed":{"alexsmobs:seal":5,"born_in_chaos_v1:decrepit_skeleton":1,"minecraft:sheep":6,"minecraft:chicken":1},"minecraft:custom":{"minecraft:mob_kills":13,"minecraft:interact_with_crafting_table":4,"minecraft:open_barrel":63,"minecraft:bell_ring":11,"minecraft:leave_game":1,"minecraft:time_since_death":4783,"minecraft:sleep_in_bed":1,"minecraft:time_since_rest":3704,"minecraft:sprint_one_cm":121854,"minecraft:damage_taken":1114,"minecraft:walk_one_cm":67219,"minecraft:drop":59,"minecraft:damage_dealt":2183,"minecraft:swim_one_cm":17610,"minecraft:talked_to_villager":5,"minecraft:fly_one_cm":183439,"minecraft:open_chest":12,"minecraft:crouch_one_cm":14006,"minecraft:play_time":28076,"tombstone:undead_killed":1,"minecraft:deaths":4,"minecraft:sneak_time":3799,"minecraft:walk_under_water_one_cm":2029,"minecraft:jump":684,"minecraft:walk_on_water_one_cm":5873,"minecraft:total_world_time":28076,"minecraft:fall_one_cm":16878},"minecraft:dropped":{"farmersdelight:tomato_seeds":6,"minecraft:enchanted_book":2,"minecraft:wheat_seeds":11,"minecraft:oak_log":8,"minecraft:mossy_cobblestone":6,"butchersdelightfoods:sheepshank":6,"minecraft:cobblestone":2,"minecraft:rotten_flesh":69,"minecraft:light_gray_wool":2,"minecraft:oak_planks":2,"minecraft:leather":1,"minecraft:stripped_oak_log":2,"regions_unexplored:mauve_log":8,"minecraft:tropical_fish":6,"minecraft:leather_helmet":2,"farmersdelight:rice":8,"minecraft:cod":40,"minecraft:filled_map":2,"butchersdelightfoods:sheeprack":2,"minecraft:spruce_planks":4,"minecraft:wooden_axe":2,"minecraft:brown_wool":2,"tombstone:grave_dust":1,"minecraft:leather_leggings":1,"farmersdelight:rope":14,"minecraft:wooden_pickaxe":2,"butchersdelightfoods:sheeploin":4,"minecraft:white_wool":2,"minecraft:bone":5}},"DataVersion":3465}