{"stats":{"minecraft:mined":{"minecraft:spruce_planks":2,"minecraft:white_bed":3,"minecraft:dark_oak_log":2,"regions_unexplored:elephant_ear":1,"minecraft:potted_bamboo":1,"minecraft:spawner":1,"regions_unexplored:stone_bud":2,"minecraft:fire":1,"minecraft:barrel":2,"regions_unexplored:mossy_stone":3,"regions_unexplored:frozen_grass":1,"minecraft:dirt_path":1,"minecraft:stripped_oak_log":1,"regions_unexplored:medium_grass":2,"minecraft:stone":7,"minecraft:powder_snow":7,"minecraft:crafting_table":1,"minecraft:tall_grass":8,"regions_unexplored:mauve_log":5,"minecraft:oak_planks":3,"regions_unexplored:pine_log":6,"minecraft:birch_planks":2,"regions_unexplored:sandy_tall_grass":6,"regions_unexplored:sandy_grass":19,"minecraft:grass":33,"minecraft:oak_log":14,"regions_unexplored:peat_dirt":7,"minecraft:dirt":30,"minecraft:cracked_stone_bricks":1,"minecraft:oak_leaves":4,"minecraft:fern":6},"minecraft:dropped":{"farmersdelight:tomato_seeds":6,"minecraft:enchanted_book":2,"minecraft:wheat_seeds":15,"minecraft:oak_log":8,"minecraft:polished_blackstone":3,"minecraft:mossy_cobblestone":6,"minecraft:glass_bottle":1,"endrem:witch_pupil":1,"minecraft:feather":1,"minecraft:cobblestone":7,"minecraft:leather":1,"born_in_chaos_v1:pieceofdarkmetal":1,"minecraft:tropical_fish":6,"minecraft:leather_helmet":2,"farmersdelight:rice":8,"minecraft:cod":40,"minecraft:dirt":2,"regions_unexplored:elephant_ear":2,"minecraft:wooden_axe":2,"minecraft:brown_wool":2,"minecraft:snowball":2,"tombstone:grave_dust":3,"minecraft:iron_leggings":2,"minecraft:gray_candle":1,"minecraft:sugar":1,"alexsmobs:raccoon_tail":2,"undead_revamp2:blacpetalblock":1,"minecraft:white_wool":2,"minecraft:bone":6,"alexsmobs:maggot":1,"undead_revamp2:arapholia":1,"butchersdelightfoods:sheepshank":6,"minecraft:rotten_flesh":77,"minecraft:light_gray_wool":2,"minecraft:oak_planks":2,"minecraft:stripped_oak_log":2,"regions_unexplored:mauve_log":8,"minecraft:carrot":1,"minecraft:filled_map":2,"butchersdelightfoods:sheeprack":2,"supplementaries:ash":1,"minecraft:flower_pot":2,"minecraft:spruce_planks":4,"born_in_chaos_v1:corpse_maggot":4,"farmersdelight:rope":14,"minecraft:leather_leggings":1,"minecraft:bamboo":1,"minecraft:arrow":6,"minecraft:wooden_pickaxe":2,"butchersdelightfoods:sheeploin":4,"undead_revamp2:rawbostrox":4,"scalinghealth:bandages":2},"minecraft:used":{"undead_revamp2:clogggerribswithbun":1,"butchersdelightfoods:beeftenderloin":1,"minecraft:rotten_flesh":2,"minecraft:dirt":17,"scalinghealth:heart_crystal":4,"minecraft:carrot":46,"minecraft:wooden_axe":49,"minecraft:barrel":1,"minecraft:golden_carrot":1,"tombstone:gift":2,"minecraft:skeleton_skull":1,"minecraft:potato":1,"minecraft:water_bucket":2,"minecraft:stone_pickaxe":1,"minecraft:oak_planks":32,"regions_unexplored:peat_dirt":19,"minecraft:wooden_pickaxe":12,"minecraft:salmon":1,"minecraft:golden_apple":1,"minecraft:mossy_cobblestone":3,"minecraft:crafting_table":3,"minecraft:white_bed":4,"minecraft:cod":2,"butchersdelightfoods:legcow":1,"minecraft:oak_log":1,"minecraft:apple":3,"minecraft:dark_oak_log":2,"minecraft:bread":2,"minecraft:stone_axe":48,"minecraft:diamond_sword":155,"born_in_chaos_v1:rotten_fish":1,"minecraft:bucket":1,"alexsmobs:animal_dictionary":17,"minecraft:experience_bottle":28},"minecraft:crafted":{"minecraft:oak_planks":48,"tombstone:grave_key":1,"minecraft:stone_pickaxe":1,"minecraft:crafting_table":2,"minecraft:wooden_pickaxe":1,"minecraft:oak_wood":3,"minecraft:stone_axe":1,"regions_unexplored:pine_planks":24,"minecraft:shield":1,"minecraft:stick":8,"minecraft:wooden_axe":1,"minecraft:white_bed":1},"minecraft:custom":{"minecraft:interact_with_smithing_table":2,"minecraft:mob_kills":39,"minecraft:interact_with_crafting_table":6,"minecraft:open_barrel":65,"minecraft:bell_ring":11,"minecraft:damage_dealt_resisted":323,"minecraft:leave_game":2,"minecraft:time_since_death":4171,"minecraft:climb_one_cm":4445,"minecraft:sprint_one_cm":364519,"minecraft:walk_one_cm":155321,"minecraft:drop":94,"minecraft:talked_to_villager":27,"minecraft:play_time":89458,"minecraft:deaths":36,"minecraft:sneak_time":8071,"minecraft:walk_under_water_one_cm":4137,"minecraft:jump":1994,"minecraft:walk_on_water_one_cm":16050,"minecraft:total_world_time":89458,"tombstone:raider_killed":1,"minecraft:sleep_in_bed":3,"minecraft:time_since_rest":1772,"minecraft:damage_taken":8334,"minecraft:damage_absorbed":40,"minecraft:damage_dealt":9075,"minecraft:player_kills":1,"minecraft:swim_one_cm":29076,"minecraft:fly_one_cm":455370,"minecraft:open_chest":32,"minecraft:crouch_one_cm":22017,"tombstone:undead_killed":6,"minecraft:fall_one_cm":43376},"minecraft:killed":{"alexsmobs:raccoon":4,"alexsmobs:tasmanian_devil":2,"born_in_chaos_v1:maggot":4,"creeperoverhaul:snowy_creeper":1,"minecraft:horse":1,"minecraft:chicken":2,"born_in_chaos_v1:firelight_not_despawn":1,"alexsmobs:seal":5,"undead_revamp2:the_moonflower":1,"undead_revamp2:theheavy":1,"born_in_chaos_v1:decrepit_skeleton":2,"minecraft:sheep":6,"minecraft:pillager":1,"born_in_chaos_v1:decaying_zombie":1,"minecraft:donkey":1,"minecraft:zombie":1,"born_in_chaos_v1:corpse_fly":3,"alexsmobs:moose":1},"minecraft:picked_up":{"minecraft:wooden_axe":1,"minecraft:iron_chestplate":1,"minecraft:crafting_table":2,"minecraft:wheat":18,"butchersdelightfoods:legcow":1,"minecraft:chicken":1,"minecraft:flower_pot":2,"minecraft:diamond_sword":1,"minecraft:wooden_pickaxe":1,"minecraft:enchanted_book":1,"tombstone:grave_key":1,"minecraft:string":34,"undead_revamp2:clogggerribswithbun":1,"minecraft:moss_carpet":1,"minecraft:iron_leggings":1,"minecraft:experience_bottle":128,"butchersdelightfoods:sheeploin":4,"minecraft:cracked_stone_bricks":1,"minecraft:diamond_leggings":1,"regions_unexplored:pine_log":6,"minecraft:spruce_planks":4,"alexsmobs:raccoon_tail":3,"minecraft:light_gray_wool":2,"born_in_chaos_v1:shattered_skull":1,"regions_unexplored:elephant_ear":2,"farmersdelight:tomato_seeds":6,"tombstone:grave_dust":4,"born_in_chaos_v1:pieceofdarkmetal":1,"minecraft:carrot":22,"minecraft:arrow":14,"minecraft:rotten_flesh":98,"minecraft:tropical_fish":3,"regions_unexplored:mauve_log":8,"supplementaries:ash":1,"farmersdelight:rope":10,"butchersdelightfoods:sheeprack":2,"minecraft:polished_blackstone":3,"minecraft:skeleton_skull":1,"minecraft:cod":22,"minecraft:white_wool":8,"minecraft:cobblestone":13,"minecraft:stripped_oak_log":2,"regions_unexplored:peat_dirt":6,"born_in_chaos_v1:corpse_maggot":9,"butchersdelightfoods:beeftenderloin":1,"farmersdelight:rice":4,"minecraft:golden_carrot":1,"minecraft:salmon":1,"minecraft:leather":4,"minecraft:brown_wool":2,"minecraft:potato":23,"minecraft:filled_map":1,"minecraft:oak_log":22,"scalinghealth:bandages":2,"scalinghealth:heart_crystal":4,"minecraft:dirt":31,"tombstone:gift":1,"minecraft:bone":19,"minecraft:apple":2,"undead_revamp2:blacpetalblock":1,"minecraft:wheat_seeds":12,"minecraft:iron_ingot":18,"minecraft:stone_pickaxe":1,"scalinghealth:power_crystal_shard":5,"minecraft:glass_bottle":1,"minecraft:bamboo":1,"minecraft:oak_planks":3,"endrem:witch_pupil":1,"minecraft:white_bed":4,"minecraft:dark_oak_log":2,"minecraft:leather_helmet":1,"minecraft:barrel":2,"minecraft:mossy_cobblestone":9,"undead_revamp2:rawbostrox":4,"minecraft:sugar":1,"born_in_chaos_v1:fire_dust":1,"minecraft:diamond":22,"minecraft:stone_axe":1,"minecraft:chainmail_leggings":1,"minecraft:iron_helmet":1,"minecraft:golden_apple":1,"alexsmobs:moose_ribs":1,"minecraft:emerald":1,"alexsmobs:maggot":1,"born_in_chaos_v1:rotten_fish":1,"butchersdelightfoods:sheepshank":6,"minecraft:ender_pearl":1},"minecraft:killed_by":{"minecraft:player":7,"undead_revamp2:the_moonflower":2,"born_in_chaos_v1:nightmare_stalker":2,"minecraft:stray":2,"minecraft:spider":1,"minecraft:pillager":1,"alexsmobs:snow_leopard":1,"alexsmobs:tusklin":1,"graveyard:skeleton_creeper":1,"takesapillage:archer":2,"undead_revamp2:thehunter":1,"minecraft:skeleton":5,"minecraft:zombie":3,"undead_revamp2:theheavy":1,"alexsmobs:moose":2,"born_in_chaos_v1:firelight_not_despawn":1,"creeperoverhaul:snowy_creeper":1}},"DataVersion":3465}