{"stats":{"minecraft:custom":{"minecraft:jump":44,"minecraft:time_since_rest":403,"minecraft:leave_game":1,"minecraft:deaths":1,"minecraft:sprint_one_cm":3638,"minecraft:play_time":979,"minecraft:damage_taken":220,"minecraft:time_since_death":371,"minecraft:walk_one_cm":776,"minecraft:total_world_time":979,"minecraft:drop":2,"minecraft:fall_one_cm":4186,"minecraft:fly_one_cm":14979},"minecraft:picked_up":{"minecraft:wheat_seeds":2},"minecraft:dropped":{"minecraft:wheat_seeds":2},"minecraft:mined":{"minecraft:grass":4}},"DataVersion":3465}