{"stats":{"minecraft:crafted":{"minecraft:oak_planks":192,"fabledweaponry:waraxe_stone":1,"minecraft:chain":1,"supplementaries:soap":12,"minecraft:stone":2,"fabledweaponry:scythe_stone":2,"minecraft:iron_boots":1,"minecraft:bow":2,"minecraft:chest":2,"minecraft:stone_hoe":1,"supplementaries:flute":1,"minecraft:oak_fence":3,"minecraft:wooden_shovel":1,"sophisticatedbackpacks:backpack":1,"minecraft:crafting_table":1,"minecraft:wooden_pickaxe":1,"butcher:skinning_knife":1,"ecologics:sandcastle":1,"farmersdelight:wheat_dough":12,"farmersdelight:beef_patty":6,"farmersdelight:bacon_and_eggs":4,"farmersdelight:cutting_board":1,"farmersdelight:fried_egg":8,"minecraft:iron_chestplate":1,"minecraft:shield":5,"sophisticatedbackpacks:diamond_backpack":1,"minecraft:stick":32,"minecraft:iron_ingot":34,"minecraft:iron_pickaxe":1,"minecraft:stone_sword":1,"farmersdelight:cooked_bacon":8,"minecraft:gold_ingot":15,"butcher:butchers_knife":1,"minecraft:stone_shovel":1,"minecraft:raw_iron":72,"minecraft:iron_nugget":54,"minecraft:furnace":2,"minecraft:bone_meal":27,"minecraft:flint_and_steel":1,"born_in_chaos_v1:fried_maggot":9,"minecraft:stone_pickaxe":1,"ecologics:tropical_stew":2,"butcher:emptyskinrack":1,"sophisticatedbackpacks:iron_backpack":1,"ecologics:crab_meat":2,"minecraft:wheat":99,"minecraft:bowl":12,"farmersdelight:cooking_pot":1,"sophisticatedbackpacks:gold_backpack":1,"minecraft:bucket":1,"minecraft:stone_axe":3,"minecraft:bread":30,"minecraft:air":0,"minecraft:jungle_planks":4,"minecraft:oak_boat":1,"minecraft:raw_gold":9,"supplementaries:bubble_blower":4,"minecraft:iron_leggings":1},"minecraft:mined":{"minecraft:spruce_planks":2,"minecraft:cobbled_deepslate_stairs":1,"minecraft:jungle_leaves":1,"minecraft:grass_block":72,"regions_unexplored:pine_shrub":2,"minecraft:soul_soil":1,"minecraft:mud_bricks":5,"minecraft:spawner":24,"graveyard:wither_skull_with_rib_cage":1,"minecraft:raw_iron_block":8,"minecraft:mossy_cobblestone_slab":1,"minecraft:glowstone":1,"farmersdelight:wild_rice":10,"minecraft:iron_ore":22,"minecraft:barrel":1,"graveyard:leaning_wither_skeleton":1,"minecraft:polished_deepslate_slab":4,"minecraft:dirt_path":2,"minecraft:iron_bars":2,"graveyard:wither_skull_pile":1,"minecraft:clay":1,"minecraft:mud_brick_stairs":1,"minecraft:chest":1,"minecraft:dead_bush":5,"supplementaries:wild_flax":3,"minecraft:cobblestone":1,"minecraft:cyan_bed":1,"minecraft:oak_planks":13,"minecraft:chain":8,"farmersdelight:sandy_shrub":1,"graveyard:wither_skeleton_hand":1,"minecraft:dark_oak_door":1,"farmersdelight:cutting_board":4,"minecraft:waxed_copper_block":14,"graveyard:skull_pile":1,"graveyard:creeper_skeleton":1,"minecraft:grass":24,"minecraft:oak_log":39,"minecraft:sand":5,"minecraft:dirt":57,"minecraft:sandstone_wall":1,"minecraft:oak_leaves":12,"minecraft:deepslate":1,"butcher:bloodgrate":3,"regions_unexplored:pink_lupine":1,"farmersdelight:wild_carrots":12,"minecraft:cobbled_deepslate_slab":5,"minecraft:jungle_planks":5,"minecraft:soul_campfire":1,"farmersdelight:tomatoes":1,"farmersdelight:wild_cabbages":30,"minecraft:moss_block":2,"minecraft:large_fern":2,"minecraft:hay_block":11,"farmersdelight:wild_onions":13,"minecraft:packed_mud":3,"minecraft:furnace":11,"graveyard:tg_moss_block":1,"minecraft:raw_gold_block":1,"minecraft:bookshelf":4,"minecraft:vine":7,"regions_unexplored:medium_grass":1,"minecraft:bamboo":1,"minecraft:stone":46,"minecraft:white_wool":3,"scalinghealth:heart_crystal_ore":3,"farmersdelight:cooking_pot":2,"minecraft:mud_brick_slab":2,"born_in_chaos_v1:marigolds":1,"minecraft:stripped_dark_oak_log":7,"minecraft:spruce_door":2,"minecraft:oak_fence":1,"minecraft:crafting_table":21,"minecraft:tall_grass":1,"butcher:cowcorpse":2,"supplementaries:urn":8,"farmersdelight:wild_beetroots":6,"minecraft:black_stained_glass":2,"minecraft:spruce_log":3,"butcher:hook_block":1,"minecraft:yellow_concrete":5,"graveyard:leaning_skeleton":1,"minecraft:gravel":1,"minecraft:cobweb":10,"minecraft:stone_bricks":1,"minecraft:fern":3},"minecraft:killed":{"minecraft:witch":6,"born_in_chaos_v1:restless_spirit":1,"minecraft:spider":2,"undead_revamp2:theswarmer":1,"minecraft:skeleton":54,"graveyard:acolyte":7,"minecraft:chicken":3,"undead_revamp2:therod":1,"minecraft:sheep":2,"minecraft:zombie":29,"born_in_chaos_v1:corpse_fly":8,"undead_revamp2:theimmortal":8,"alexsmobs:raccoon":1,"born_in_chaos_v1:zombie_bruiser":1,"born_in_chaos_v1:maggot":12,"minecraft:horse":2,"undead_revamp2:thebidy":1,"undead_revamp2:sucker":1,"born_in_chaos_v1:barrel_zombie":2,"graveyard:ghoul":1,"born_in_chaos_v1:swarmer":1,"undead_revamp2:the_moonflower":11,"born_in_chaos_v1:decrepit_skeleton":3,"born_in_chaos_v1:dark_vortex":1,"born_in_chaos_v1:nightmare_stalker":1,"minecraft:wither_skeleton":1},"minecraft:broken":{"graveyard:bone_dagger":1,"fabledweaponry:scythe_stone":1,"minecraft:stone_axe":2,"fabledweaponry:waraxe_stone":1,"minecraft:shield":4},"minecraft:used":{"ecologics:sandcastle":1,"farmersdelight:cabbage_rolls":7,"minecraft:chest":2,"minecraft:shield":163,"minecraft:rotten_flesh":2,"minecraft:iron_chestplate":2,"minecraft:jungle_planks":5,"minecraft:carrot":7,"butcher:emptyskinrack":1,"butcher:cow_headf":1,"minecraft:packed_mud":3,"minecraft:iron_helmet":1,"minecraft:stone_bricks":1,"butcher:blood_liquid_bucket":22,"farmersdelight:cutting_board":6,"minecraft:bow":26,"minecraft:furnace":11,"supplementaries:bamboo_spikes_tipped":1,"minecraft:diamond_boots":1,"farmersdelight:dog_food":1,"minecraft:stone_pickaxe":48,"minecraft:oak_planks":42,"minecraft:wooden_pickaxe":22,"fabledweaponry:scythe_stone":204,"minecraft:white_wool":3,"farmersdelight:cabbage_leaf":1,"minecraft:mushroom_stew":1,"minecraft:yellow_concrete":5,"minecraft:cobbled_deepslate_stairs":1,"minecraft:bread":45,"minecraft:cyan_bed":1,"tombstone:grave_key":3,"ecologics:coconut_slice":4,"minecraft:diamond_sword":135,"minecraft:chain":1,"minecraft:oak_boat":1,"minecraft:oak_fence":4,"minecraft:stone_sword":86,"minecraft:iron_bars":2,"minecraft:flint_and_steel":3,"minecraft:stone_shovel":114,"minecraft:spruce_planks":2,"born_in_chaos_v1:fried_maggot":11,"minecraft:torch":2,"minecraft:dirt":129,"scalinghealth:heart_crystal":7,"butcher:cowcorpseitem":7,"minecraft:mud_brick_stairs":1,"farmersdelight:beef_patty":6,"minecraft:iron_boots":2,"minecraft:mud_bricks":5,"butcher:bloodgrate":3,"minecraft:soul_soil":1,"butcher:hook_block":1,"farmersdelight:cooking_pot":3,"scalinghealth:bandages":1,"tombstone:gift":7,"farmersdelight:tomato_seeds":1,"minecraft:cobbled_deepslate":1,"minecraft:iron_leggings":2,"farmersdelight:cooked_rice":11,"minecraft:water_bucket":31,"minecraft:baked_potato":1,"butcher:butchers_knife":46,"minecraft:mud_brick_slab":4,"graveyard:bone_dagger":14,"minecraft:stripped_dark_oak_log":5,"minecraft:crafting_table":21,"minecraft:white_bed":1,"farmersdelight:bacon_and_eggs":1,"fabledweaponry:waraxe_stone":77,"minecraft:iron_pickaxe":117,"tombstone:magic_scroll":1,"minecraft:stone_axe":197,"butchersdelightfoods:cookedsheeprack":1,"minecraft:cobblestone":3,"minecraft:cobbled_deepslate_slab":1,"minecraft:bucket":43},"minecraft:killed_by":{"undead_revamp2:the_moonflower":2,"endermanoverhaul:swamp_enderman":1,"minecraft:wither_skeleton":1,"graveyard:acolyte":5,"minecraft:zombie":3,"undead_revamp2:thehorrors":1,"minecraft:skeleton":15},"minecraft:dropped":{"minecraft:spruce_sign":10,"farmersdelight:iron_knife":1,"ecologics:coconut_slice":14,"regions_unexplored:pine_shrub":2,"minecraft:lantern":1,"minecraft:leather":2,"born_in_chaos_v1:nightmare_claw":2,"born_in_chaos_v1:monster_flesh":5,"minecraft:dirt":43,"butcher:hook":2,"minecraft:mutton":2,"butcher:cow_headf":5,"minecraft:gold_nugget":4,"minecraft:bone_meal":22,"minecraft:tube_coral":2,"minecraft:white_wool":6,"butcher:cowhoof":31,"minecraft:gravel":2,"minecraft:dark_oak_door":1,"minecraft:stone_axe":2,"minecraft:iron_nugget":8,"minecraft:cobbled_deepslate":1,"alexsmobs:animal_dictionary":1,"minecraft:wheat":2,"born_in_chaos_v1:ethereal_spirit":1,"undead_revamp2:arapholia":2,"minecraft:beetroot":1,"minecraft:rotten_flesh":60,"supplementaries:antique_ink":2,"supplementaries:soap":1,"minecraft:sandstone_wall":1,"supplementaries:ash":10,"minecraft:beetroot_seeds":6,"born_in_chaos_v1:corpse_maggot":4,"ecologics:coconut_husk":5,"farmersdelight:bacon_and_eggs":1,"minecraft:iron_bars":15,"ecologics:tropical_stew":2,"minecraft:arrow":3,"minecraft:egg":1,"minecraft:enchanted_book":3,"minecraft:iron_ingot":5,"minecraft:black_dye":1,"minecraft:wheat_seeds":6,"minecraft:iron_helmet":1,"scalinghealth:heart_crystal_shard":1,"minecraft:copper_ingot":1,"minecraft:spruce_door":2,"minecraft:cobweb":3,"minecraft:ink_sac":1,"minecraft:torch":3,"minecraft:wooden_hoe":1,"minecraft:wooden_axe":1,"minecraft:diamond_helmet":1,"minecraft:iron_leggings":1,"tombstone:grave_dust":5,"fabledweaponry:scythe_stone":2,"minecraft:kelp":2,"alexsmobs:maggot":1,"minecraft:soul_soil":1,"minecraft:bowl":10,"minecraft:stone_shovel":1,"born_in_chaos_v1:rotten_fish":1,"butcher:cow_skin":19,"minecraft:polished_deepslate_slab":3,"minecraft:cobbled_deepslate_slab":1,"scalinghealth:power_crystal_shard":6,"supplementaries:bamboo_spikes_tipped":1,"minecraft:flint_and_steel":1,"minecraft:allium":2,"farmersdelight:fried_egg":1,"minecraft:diamond_chestplate":1,"minecraft:bundle":2,"born_in_chaos_v1:spiny_shell":1,"minecraft:fire_coral":1,"minecraft:oak_sapling":3,"farmersdelight:minced_beef":6,"supplementaries:bubble_blower":1,"minecraft:barrel":1,"minecraft:spruce_log":3,"sophisticatedbackpacks:copper_backpack":1,"minecraft:bow":2,"minecraft:stone_pickaxe":2,"minecraft:wooden_pickaxe":3,"supplementaries:flute":1},"minecraft:picked_up":{"minecraft:wooden_axe":1,"minecraft:wheat":2,"minecraft:enchanted_book":1,"butcher:cowcorpseitem":7,"farmersdelight:cutting_board":6,"minecraft:string":11,"minecraft:soul_soil":2,"minecraft:beetroot":1,"minecraft:diamond_leggings":1,"minecraft:gold_nugget":60,"minecraft:cobbled_deepslate":2,"farmersdelight:cabbage":4,"minecraft:spruce_planks":1,"regions_unexplored:pine_shrub":2,"farmersdelight:cabbage_seeds":30,"minecraft:furnace":11,"ecologics:crab_claw":2,"minecraft:dark_oak_door":1,"minecraft:stick":6,"minecraft:oak_fence":1,"minecraft:torch":5,"supplementaries:bamboo_spikes_tipped":2,"minecraft:sandstone_wall":1,"minecraft:porkchop":4,"tombstone:grave_dust":16,"born_in_chaos_v1:nightmare_claw":3,"farmersdelight:chicken_cuts":6,"minecraft:black_dye":1,"born_in_chaos_v1:fried_maggot":2,"farmersdelight:fried_egg":1,"minecraft:rotten_flesh":74,"farmersdelight:onion":13,"supplementaries:antique_ink":2,"supplementaries:ash":27,"farmersdelight:raw_pasta":12,"minecraft:iron_bars":17,"undead_revamp2:arapholia":3,"minecraft:cobblestone":46,"farmersdelight:rice":12,"minecraft:jungle_log":1,"minecraft:mud_brick_stairs":1,"farmersdelight:bacon":8,"minecraft:flint":1,"supplementaries:flax_seeds":3,"supplementaries:flute":1,"minecraft:dirt":174,"minecraft:lantern":1,"farmersdelight:mutton_chops":10,"butcher:cow_skin":20,"minecraft:bone":91,"farmersdelight:iron_knife":1,"butcher:raw_ribeye_steak":5,"butchersdelightfoods:cookedsheeprack":1,"minecraft:bow":4,"minecraft:wheat_seeds":10,"butcher:raw_tbone_steak":5,"minecraft:cobbled_deepslate_slab":2,"minecraft:diamond_helmet":1,"minecraft:bamboo":3,"minecraft:oak_planks":61,"butcher:cow_headf":6,"butcher:hook":4,"minecraft:cooked_porkchop":1,"graveyard:bone_dagger":1,"minecraft:jungle_planks":1,"butchersdelightfoods:porkloin":1,"minecraft:sand":5,"ecologics:coconut_husk":1,"minecraft:ink_sac":1,"minecraft:cyan_bed":1,"minecraft:barrel":1,"minecraft:bundle":2,"minecraft:diamond":8,"supplementaries:bubble_blower":1,"minecraft:bone_meal":4,"minecraft:spruce_sign":10,"minecraft:emerald":3,"minecraft:oak_sapling":2,"alexsmobs:maggot":1,"born_in_chaos_v1:rotten_fish":1,"butchersdelightfoods:sheepshank":1,"minecraft:mud_brick_slab":4,"minecraft:crafting_table":21,"minecraft:allium":2,"minecraft:chicken":3,"minecraft:clay_ball":4,"minecraft:wooden_pickaxe":3,"fabledweaponry:scythe_stone":3,"ecologics:seashell":1,"minecraft:chain":8,"minecraft:fire_coral":1,"farmersdelight:cooked_rice":4,"butcher:raw_sirloin_steak":5,"minecraft:flint_and_steel":1,"graveyard:corruption":6,"minecraft:beef":30,"minecraft:oak_boat":1,"minecraft:iron_nugget":6,"minecraft:chest":1,"minecraft:egg":5,"minecraft:raw_iron":22,"minecraft:polished_deepslate_slab":3,"minecraft:raw_gold_block":1,"butcher:bloodgrate":4,"ecologics:coconut_slice":20,"minecraft:copper_ingot":1,"farmersdelight:minced_beef":70,"minecraft:bowl":12,"farmersdelight:tomato_seeds":1,"minecraft:carrot":20,"minecraft:redstone":1,"minecraft:diamond_chestplate":1,"minecraft:tube_coral":2,"minecraft:arrow":43,"minecraft:stone_shovel":1,"minecraft:beetroot_seeds":6,"minecraft:diamond_boots":1,"minecraft:hay_block":11,"born_in_chaos_v1:spiny_shell":1,"sophisticatedbackpacks:copper_backpack":1,"minecraft:mutton":5,"minecraft:white_wool":9,"born_in_chaos_v1:corpse_maggot":18,"minecraft:mud_bricks":5,"born_in_chaos_v1:monster_flesh":5,"minecraft:leather":4,"minecraft:packed_mud":3,"scalinghealth:bandages":2,"minecraft:oak_log":38,"minecraft:waxed_copper_block":14,"minecraft:cobbled_deepslate_stairs":1,"minecraft:gunpowder":2,"scalinghealth:heart_crystal":7,"tombstone:gift":1,"minecraft:stone_bricks":1,"farmersdelight:cooking_pot":2,"minecraft:kelp":2,"minecraft:iron_ingot":22,"minecraft:stone_pickaxe":1,"scalinghealth:power_crystal_shard":8,"butcher:hook_block":1,"minecraft:glass_bottle":1,"butcher:raw_chuck_steak":5,"minecraft:book":12,"scalinghealth:heart_crystal_shard":9,"minecraft:yellow_concrete":5,"born_in_chaos_v1:orbofthe_summoner":1,"born_in_chaos_v1:ethereal_spirit":3,"minecraft:gravel":9,"minecraft:raw_iron_block":8,"butcher:raw_rump_steak":5,"minecraft:white_bed":1,"minecraft:spruce_log":3,"minecraft:spruce_door":2,"butcher:cowhoof":31,"farmersdelight:cabbage_leaf":16,"minecraft:stone_axe":2,"minecraft:iron_helmet":1,"minecraft:baked_potato":1,"tombstone:magic_scroll":1,"minecraft:stripped_dark_oak_log":5,"minecraft:coal":1},"minecraft:custom":{"minecraft:interact_with_crafting_table":76,"minecraft:open_barrel":32,"minecraft:leave_game":3,"minecraft:time_since_death":1335,"minecraft:sprint_one_cm":455926,"minecraft:damage_blocked_by_shield":12120,"minecraft:drop":155,"minecraft:talked_to_villager":3,"minecraft:play_time":226947,"minecraft:deaths":30,"minecraft:jump":3103,"minecraft:walk_on_water_one_cm":46191,"minecraft:interact_with_furnace":73,"minecraft:interact_with_loom":2,"minecraft:sleep_in_bed":1,"minecraft:damage_dealt":37003,"minecraft:player_kills":3,"minecraft:crouch_one_cm":61830,"tombstone:undead_killed":115,"minecraft:interact_with_smoker":5,"minecraft:mob_kills":175,"minecraft:interact_with_anvil":2,"minecraft:damage_dealt_resisted":71,"minecraft:climb_one_cm":19175,"minecraft:walk_one_cm":533516,"minecraft:sneak_time":22734,"minecraft:walk_under_water_one_cm":26084,"minecraft:boat_one_cm":101034,"minecraft:total_world_time":226947,"tombstone:raider_killed":9,"minecraft:tune_noteblock":1,"minecraft:time_since_rest":614,"minecraft:damage_taken":14492,"minecraft:swim_one_cm":20203,"minecraft:fly_one_cm":522155,"minecraft:open_chest":96,"minecraft:fall_one_cm":53685}},"DataVersion":3465}