{"stats":{"minecraft:used":{"ecologics:sandcastle":1,"farmersdelight:cabbage_rolls":7,"minecraft:chest":1,"minecraft:shield":53,"minecraft:rotten_flesh":2,"minecraft:iron_chestplate":1,"minecraft:jungle_planks":5,"minecraft:carrot":7,"butcher:cow_headf":1,"minecraft:iron_helmet":1,"minecraft:stone_bricks":1,"farmersdelight:cutting_board":5,"minecraft:bow":26,"minecraft:furnace":8,"supplementaries:bamboo_spikes_tipped":1,"minecraft:diamond_boots":1,"farmersdelight:dog_food":1,"minecraft:stone_pickaxe":48,"minecraft:oak_planks":3,"minecraft:wooden_pickaxe":22,"fabledweaponry:scythe_stone":204,"minecraft:white_wool":3,"farmersdelight:cabbage_leaf":1,"minecraft:cobbled_deepslate_stairs":1,"tombstone:grave_key":1,"ecologics:coconut_slice":4,"minecraft:chain":1,"minecraft:oak_boat":1,"minecraft:oak_fence":4,"minecraft:iron_bars":2,"minecraft:flint_and_steel":3,"minecraft:stone_shovel":93,"born_in_chaos_v1:fried_maggot":11,"minecraft:torch":2,"minecraft:dirt":32,"scalinghealth:heart_crystal":4,"butcher:cowcorpseitem":1,"minecraft:iron_boots":1,"butcher:bloodgrate":1,"minecraft:soul_soil":1,"farmersdelight:cooking_pot":3,"tombstone:gift":6,"farmersdelight:tomato_seeds":1,"minecraft:cobbled_deepslate":1,"minecraft:iron_leggings":1,"farmersdelight:cooked_rice":2,"minecraft:water_bucket":6,"butcher:butchers_knife":24,"minecraft:crafting_table":13,"minecraft:white_bed":1,"farmersdelight:bacon_and_eggs":1,"minecraft:iron_pickaxe":7,"tombstone:magic_scroll":1,"minecraft:stone_axe":136,"butchersdelightfoods:cookedsheeprack":1,"minecraft:cobblestone":3,"minecraft:bucket":14},"minecraft:mined":{"minecraft:cobbled_deepslate_stairs":1,"minecraft:jungle_leaves":1,"minecraft:grass_block":69,"regions_unexplored:pine_shrub":2,"minecraft:soul_soil":1,"minecraft:spawner":2,"minecraft:raw_iron_block":2,"farmersdelight:wild_rice":10,"minecraft:iron_ore":22,"minecraft:barrel":1,"minecraft:dirt_path":2,"minecraft:iron_bars":2,"minecraft:clay":1,"minecraft:dead_bush":5,"supplementaries:wild_flax":3,"minecraft:cobblestone":1,"minecraft:oak_planks":2,"farmersdelight:sandy_shrub":1,"farmersdelight:cutting_board":4,"minecraft:grass":16,"minecraft:oak_log":37,"minecraft:sand":5,"minecraft:dirt":25,"minecraft:oak_leaves":9,"minecraft:deepslate":1,"butcher:bloodgrate":1,"regions_unexplored:pink_lupine":1,"farmersdelight:wild_carrots":12,"minecraft:jungle_planks":5,"farmersdelight:tomatoes":1,"farmersdelight:wild_cabbages":30,"minecraft:hay_block":11,"farmersdelight:wild_onions":13,"minecraft:furnace":8,"regions_unexplored:medium_grass":1,"minecraft:bamboo":1,"minecraft:stone":29,"minecraft:white_wool":3,"scalinghealth:heart_crystal_ore":3,"farmersdelight:cooking_pot":2,"born_in_chaos_v1:marigolds":1,"minecraft:oak_fence":1,"minecraft:crafting_table":13,"minecraft:tall_grass":1,"supplementaries:urn":8,"farmersdelight:wild_beetroots":6,"minecraft:spruce_log":3,"butcher:hook_block":1,"minecraft:gravel":1,"minecraft:stone_bricks":1,"minecraft:fern":2},"minecraft:crafted":{"minecraft:oak_planks":148,"minecraft:chain":1,"supplementaries:soap":12,"minecraft:stone":1,"fabledweaponry:scythe_stone":2,"minecraft:bow":2,"minecraft:iron_boots":1,"minecraft:chest":1,"minecraft:stone_hoe":1,"supplementaries:flute":1,"minecraft:oak_fence":3,"minecraft:wooden_shovel":1,"minecraft:crafting_table":1,"minecraft:wooden_pickaxe":1,"butcher:skinning_knife":1,"ecologics:sandcastle":1,"farmersdelight:wheat_dough":12,"farmersdelight:bacon_and_eggs":4,"farmersdelight:cutting_board":1,"farmersdelight:fried_egg":8,"minecraft:iron_chestplate":1,"minecraft:shield":1,"minecraft:stick":28,"minecraft:iron_ingot":28,"minecraft:iron_pickaxe":1,"farmersdelight:cooked_bacon":8,"minecraft:gold_ingot":6,"butcher:butchers_knife":1,"minecraft:stone_shovel":1,"minecraft:raw_iron":18,"minecraft:iron_nugget":18,"minecraft:furnace":2,"minecraft:bone_meal":9,"minecraft:flint_and_steel":1,"born_in_chaos_v1:fried_maggot":9,"minecraft:stone_pickaxe":1,"ecologics:tropical_stew":2,"ecologics:crab_meat":2,"minecraft:wheat":99,"minecraft:bowl":12,"farmersdelight:cooking_pot":1,"minecraft:bucket":1,"minecraft:stone_axe":1,"minecraft:bread":30,"minecraft:air":0,"minecraft:jungle_planks":4,"minecraft:oak_boat":1,"supplementaries:bubble_blower":3,"minecraft:iron_leggings":1},"minecraft:killed_by":{"undead_revamp2:the_moonflower":2,"minecraft:zombie":2,"undead_revamp2:thehorrors":1,"minecraft:skeleton":8},"minecraft:picked_up":{"minecraft:wooden_axe":1,"minecraft:wheat":2,"minecraft:enchanted_book":1,"butcher:cowcorpseitem":5,"farmersdelight:cutting_board":5,"minecraft:soul_soil":1,"minecraft:beetroot":1,"minecraft:gold_nugget":60,"minecraft:cobbled_deepslate":2,"farmersdelight:cabbage":4,"regions_unexplored:pine_shrub":2,"farmersdelight:cabbage_seeds":30,"ecologics:crab_claw":2,"minecraft:furnace":8,"minecraft:stick":5,"minecraft:oak_fence":1,"minecraft:torch":5,"supplementaries:bamboo_spikes_tipped":2,"minecraft:porkchop":4,"tombstone:grave_dust":10,"farmersdelight:chicken_cuts":6,"farmersdelight:fried_egg":1,"born_in_chaos_v1:fried_maggot":2,"minecraft:rotten_flesh":49,"farmersdelight:onion":13,"supplementaries:antique_ink":2,"supplementaries:ash":14,"farmersdelight:raw_pasta":12,"minecraft:iron_bars":17,"undead_revamp2:arapholia":3,"minecraft:cobblestone":29,"farmersdelight:rice":12,"minecraft:jungle_log":1,"farmersdelight:bacon":8,"minecraft:flint":1,"supplementaries:flax_seeds":3,"supplementaries:flute":1,"minecraft:dirt":96,"minecraft:lantern":1,"farmersdelight:mutton_chops":10,"minecraft:bone":32,"butcher:cow_skin":2,"farmersdelight:iron_knife":1,"butcher:raw_ribeye_steak":1,"butchersdelightfoods:cookedsheeprack":1,"minecraft:bow":3,"minecraft:wheat_seeds":9,"butcher:raw_tbone_steak":1,"minecraft:bamboo":3,"minecraft:oak_planks":50,"butcher:cow_headf":1,"butcher:hook":2,"minecraft:cooked_porkchop":1,"minecraft:jungle_planks":1,"butchersdelightfoods:porkloin":1,"minecraft:sand":5,"ecologics:coconut_husk":1,"minecraft:ink_sac":1,"minecraft:barrel":1,"minecraft:bundle":2,"minecraft:bone_meal":3,"minecraft:spruce_sign":10,"butchersdelightfoods:sheepshank":1,"alexsmobs:maggot":1,"minecraft:oak_sapling":2,"born_in_chaos_v1:rotten_fish":1,"minecraft:crafting_table":13,"minecraft:allium":2,"minecraft:chicken":3,"minecraft:clay_ball":4,"fabledweaponry:scythe_stone":3,"ecologics:seashell":1,"minecraft:wooden_pickaxe":3,"minecraft:fire_coral":1,"farmersdelight:cooked_rice":4,"butcher:raw_sirloin_steak":1,"minecraft:beef":6,"minecraft:oak_boat":1,"minecraft:iron_nugget":6,"minecraft:egg":5,"minecraft:raw_iron":22,"ecologics:coconut_slice":20,"minecraft:copper_ingot":1,"farmersdelight:minced_beef":16,"butcher:bloodgrate":2,"minecraft:bowl":11,"farmersdelight:tomato_seeds":1,"minecraft:carrot":20,"minecraft:arrow":20,"minecraft:tube_coral":2,"minecraft:stone_shovel":1,"minecraft:beetroot_seeds":6,"minecraft:diamond_boots":1,"minecraft:hay_block":11,"born_in_chaos_v1:spiny_shell":1,"minecraft:mutton":5,"minecraft:white_wool":9,"born_in_chaos_v1:corpse_maggot":15,"minecraft:leather":2,"minecraft:oak_log":37,"minecraft:cobbled_deepslate_stairs":1,"scalinghealth:heart_crystal":4,"tombstone:gift":1,"minecraft:stone_bricks":1,"farmersdelight:cooking_pot":2,"minecraft:kelp":2,"minecraft:iron_ingot":17,"minecraft:stone_pickaxe":1,"scalinghealth:power_crystal_shard":2,"butcher:hook_block":1,"butcher:raw_chuck_steak":1,"scalinghealth:heart_crystal_shard":9,"born_in_chaos_v1:ethereal_spirit":1,"minecraft:raw_iron_block":2,"minecraft:gravel":9,"butcher:raw_rump_steak":1,"minecraft:white_bed":1,"minecraft:spruce_log":3,"butcher:cowhoof":11,"farmersdelight:cabbage_leaf":16,"minecraft:stone_axe":2,"minecraft:iron_helmet":1,"tombstone:magic_scroll":1},"minecraft:broken":{"fabledweaponry:scythe_stone":1,"minecraft:stone_axe":2,"minecraft:shield":1},"minecraft:custom":{"minecraft:interact_with_crafting_table":58,"minecraft:open_barrel":1,"minecraft:leave_game":2,"minecraft:time_since_death":15736,"minecraft:sprint_one_cm":221356,"minecraft:damage_blocked_by_shield":2859,"minecraft:drop":93,"minecraft:talked_to_villager":2,"minecraft:deaths":15,"minecraft:play_time":127546,"minecraft:jump":1693,"minecraft:walk_on_water_one_cm":41215,"minecraft:interact_with_furnace":63,"minecraft:sleep_in_bed":1,"minecraft:damage_dealt":15369,"minecraft:player_kills":1,"minecraft:crouch_one_cm":23290,"tombstone:undead_killed":60,"minecraft:interact_with_smoker":2,"minecraft:interact_with_anvil":2,"minecraft:mob_kills":85,"minecraft:damage_dealt_resisted":23,"minecraft:climb_one_cm":5226,"minecraft:walk_one_cm":303155,"minecraft:sneak_time":7692,"minecraft:walk_under_water_one_cm":15242,"minecraft:boat_one_cm":101034,"minecraft:total_world_time":127546,"tombstone:raider_killed":3,"minecraft:time_since_rest":15262,"minecraft:damage_taken":4391,"minecraft:fly_one_cm":297005,"minecraft:swim_one_cm":16796,"minecraft:open_chest":39,"minecraft:fall_one_cm":28328},"minecraft:killed":{"born_in_chaos_v1:restless_spirit":1,"minecraft:skeleton":22,"minecraft:chicken":3,"undead_revamp2:therod":1,"minecraft:sheep":2,"minecraft:zombie":13,"born_in_chaos_v1:corpse_fly":7,"undead_revamp2:theimmortal":8,"alexsmobs:raccoon":1,"born_in_chaos_v1:maggot":5,"minecraft:horse":2,"born_in_chaos_v1:barrel_zombie":2,"graveyard:ghoul":1,"born_in_chaos_v1:swarmer":1,"undead_revamp2:the_moonflower":10,"born_in_chaos_v1:decrepit_skeleton":2},"minecraft:dropped":{"minecraft:spruce_sign":10,"farmersdelight:iron_knife":1,"ecologics:coconut_slice":14,"regions_unexplored:pine_shrub":2,"minecraft:lantern":1,"minecraft:mutton":2,"minecraft:gold_nugget":4,"minecraft:bone_meal":3,"minecraft:tube_coral":2,"minecraft:white_wool":6,"butcher:cowhoof":11,"minecraft:gravel":2,"minecraft:stone_axe":2,"minecraft:iron_nugget":8,"alexsmobs:animal_dictionary":1,"minecraft:cobbled_deepslate":1,"minecraft:wheat":2,"born_in_chaos_v1:ethereal_spirit":1,"undead_revamp2:arapholia":2,"minecraft:beetroot":1,"minecraft:rotten_flesh":53,"supplementaries:antique_ink":2,"minecraft:beetroot_seeds":6,"born_in_chaos_v1:corpse_maggot":3,"ecologics:coconut_husk":5,"farmersdelight:bacon_and_eggs":1,"minecraft:iron_bars":15,"ecologics:tropical_stew":2,"minecraft:arrow":3,"minecraft:egg":1,"minecraft:enchanted_book":2,"minecraft:iron_ingot":5,"minecraft:wheat_seeds":5,"scalinghealth:heart_crystal_shard":1,"minecraft:copper_ingot":1,"minecraft:ink_sac":1,"minecraft:wooden_hoe":1,"minecraft:torch":3,"minecraft:wooden_axe":1,"tombstone:grave_dust":3,"fabledweaponry:scythe_stone":2,"minecraft:kelp":2,"alexsmobs:maggot":1,"minecraft:bowl":10,"born_in_chaos_v1:rotten_fish":1,"minecraft:stone_shovel":1,"butcher:cow_skin":2,"supplementaries:bamboo_spikes_tipped":1,"minecraft:allium":2,"farmersdelight:fried_egg":1,"minecraft:bundle":2,"born_in_chaos_v1:spiny_shell":1,"minecraft:fire_coral":1,"minecraft:oak_sapling":3,"minecraft:barrel":1,"minecraft:spruce_log":3,"minecraft:bow":1,"minecraft:stone_pickaxe":2,"minecraft:wooden_pickaxe":3,"supplementaries:flute":1}},"DataVersion":3465}