{"stats":{"minecraft:crafted":{"minecraft:chain":1,"supplementaries:soap":12,"sophisticatedbackpacks:crafting_upgrade":1,"sophisticatedbackpacks:copper_backpack":1,"supplementaries:flute":1,"minecraft:wooden_shovel":1,"minecraft:copper_ingot":180,"ecologics:sandcastle":1,"farmersdelight:wheat_dough":12,"farmersdelight:beef_patty":6,"farmersdelight:bacon_and_eggs":4,"minecraft:iron_pickaxe":1,"minecraft:iron_block":4,"minecraft:gold_ingot":15,"farmersdelight:cooked_bacon":8,"sophisticatedbackpacks:blasting_upgrade":1,"minecraft:stone_shovel":2,"minecraft:iron_nugget":54,"sophisticatedbackpacks:stack_upgrade_tier_1":1,"minecraft:bone_meal":27,"minecraft:stone_pickaxe":1,"minecraft:dark_oak_planks":16,"ecologics:crab_meat":2,"minecraft:wheat":153,"minecraft:enchanting_table":1,"farmersdelight:cooking_pot":1,"sophisticatedbackpacks:gold_backpack":2,"supplementaries:bubble_blower":5,"minecraft:iron_leggings":1,"minecraft:oak_planks":212,"fabledweaponry:waraxe_stone":1,"minecraft:stone":2,"fabledweaponry:scythe_stone":2,"minecraft:dark_oak_door":6,"minecraft:iron_boots":1,"minecraft:bow":3,"minecraft:chest":4,"minecraft:copper_block":14,"minecraft:stone_hoe":1,"minecraft:oak_fence":3,"supplementaries:rope_arrow":7,"sophisticatedbackpacks:backpack":2,"minecraft:crafting_table":1,"minecraft:wooden_pickaxe":1,"butcher:skinning_knife":1,"undead_revamp2:clogggerribswithbun":1,"minecraft:gold_block":4,"sophisticatedbackpacks:upgrade_base":3,"farmersdelight:cutting_board":1,"farmersdelight:fried_egg":8,"minecraft:iron_chestplate":1,"minecraft:diamond_pickaxe":1,"minecraft:shield":5,"sophisticatedbackpacks:diamond_backpack":1,"minecraft:stick":52,"minecraft:iron_ingot":34,"minecraft:stone_sword":1,"butcher:butchers_knife":1,"minecraft:raw_iron":72,"minecraft:furnace":2,"sophisticatedbackpacks:stack_upgrade_starter_tier":1,"minecraft:flint_and_steel":1,"born_in_chaos_v1:fried_maggot":9,"ecologics:tropical_stew":2,"butcher:emptyskinrack":1,"sophisticatedbackpacks:iron_backpack":2,"minecraft:bowl":12,"minecraft:bucket":1,"minecraft:stone_axe":4,"minecraft:air":0,"minecraft:bread":30,"minecraft:jungle_planks":4,"minecraft:oak_boat":2,"minecraft:raw_gold":9},"minecraft:mined":{"graveyard:gray_urn":1,"minecraft:jungle_leaves":1,"minecraft:obsidian":4,"minecraft:coal_block":8,"minecraft:chiseled_stone_bricks":3,"minecraft:spawner":41,"graveyard:wither_skull_with_rib_cage":1,"minecraft:magma_block":1,"minecraft:barrel":1,"minecraft:polished_deepslate_slab":8,"minecraft:dirt_path":2,"minecraft:iron_block":2,"minecraft:deepslate_tile_slab":5,"minecraft:blast_furnace":4,"minecraft:mud_brick_stairs":1,"minecraft:oxidized_copper":1,"minecraft:dead_bush":6,"minecraft:cyan_bed":1,"minecraft:sugar_cane":10,"minecraft:bricks":4,"minecraft:chain":11,"graveyard:wither_skeleton_hand":1,"minecraft:waxed_copper_block":14,"minecraft:grass":46,"minecraft:sandstone_wall":1,"regions_unexplored:clover":1,"minecraft:deepslate":40,"minecraft:suspicious_gravel":1,"minecraft:dark_prismarine":4,"minecraft:mossy_cobblestone":3,"butcher:bloodgrate":5,"farmersdelight:wild_carrots":12,"minecraft:sea_lantern":1,"minecraft:cobbled_deepslate_slab":11,"minecraft:jungle_planks":5,"farmersdelight:wild_cabbages":30,"minecraft:moss_block":2,"minecraft:kelp":1,"farmersdelight:wild_onions":18,"supplementaries:rope":15,"minecraft:packed_mud":3,"graveyard:tg_moss_block":3,"minecraft:vine":8,"minecraft:bamboo":1,"minecraft:white_wool":3,"minecraft:mud_brick_slab":2,"minecraft:emerald_ore":1,"minecraft:tall_grass":6,"minecraft:deepslate_gold_ore":14,"butcher:cowcorpse":2,"minecraft:black_stained_glass":2,"graveyard:vase_block":9,"minecraft:spruce_log":3,"minecraft:birch_leaves":1,"butcher:hook_block":5,"regions_unexplored:sandy_grass":2,"minecraft:gravel":38,"minecraft:cobweb":35,"minecraft:stone_bricks":10,"minecraft:fern":3,"minecraft:spruce_planks":2,"minecraft:cobbled_deepslate_stairs":1,"regions_unexplored:pink_magnolia_shrub":1,"minecraft:dead_horn_coral":1,"minecraft:grass_block":86,"regions_unexplored:pine_shrub":2,"minecraft:soul_soil":1,"minecraft:mud_bricks":5,"minecraft:raw_iron_block":8,"minecraft:mossy_cobblestone_slab":1,"minecraft:glowstone":1,"farmersdelight:wild_rice":10,"minecraft:iron_ore":92,"graveyard:leaning_wither_skeleton":1,"minecraft:azure_bluet":1,"minecraft:iron_bars":8,"graveyard:wither_skull_pile":1,"minecraft:spruce_slab":1,"minecraft:deepslate_redstone_ore":1,"minecraft:clay":1,"minecraft:chest":1,"supplementaries:wild_flax":5,"minecraft:cobblestone":12,"minecraft:prismarine":6,"minecraft:oak_planks":13,"farmersdelight:sandy_shrub":1,"minecraft:dark_oak_door":18,"farmersdelight:cutting_board":5,"minecraft:tnt":3,"graveyard:skull_pile":1,"graveyard:creeper_skeleton":1,"minecraft:oak_log":67,"minecraft:beetroots":2,"minecraft:sand":6,"minecraft:dirt":67,"minecraft:prismarine_stairs":1,"minecraft:oak_leaves":20,"minecraft:tuff":19,"regions_unexplored:pink_lupine":2,"minecraft:brown_mushroom_block":1,"minecraft:soul_campfire":1,"farmersdelight:tomatoes":1,"minecraft:spruce_leaves":1,"minecraft:large_fern":3,"minecraft:hay_block":141,"minecraft:furnace":11,"minecraft:raw_gold_block":1,"minecraft:bookshelf":4,"minecraft:deepslate_iron_ore":20,"minecraft:packed_ice":1,"regions_unexplored:medium_grass":3,"minecraft:stone":56,"scalinghealth:heart_crystal_ore":3,"born_in_chaos_v1:mesh_door":1,"farmersdelight:cooking_pot":2,"born_in_chaos_v1:marigolds":1,"minecraft:stripped_dark_oak_log":14,"minecraft:spruce_door":2,"minecraft:polished_granite":3,"graveyard:small_light_gray_urn":3,"minecraft:oak_fence":1,"minecraft:crafting_table":22,"minecraft:lily_pad":1,"minecraft:prismarine_bricks":2,"supplementaries:urn":8,"farmersdelight:wild_beetroots":6,"minecraft:coal_ore":4,"graveyard:leaning_skeleton":1,"minecraft:yellow_concrete":5,"minecraft:cracked_stone_bricks":2,"minecraft:polished_andesite":1,"minecraft:mossy_stone_bricks":24},"minecraft:killed":{"minecraft:cave_spider":4,"born_in_chaos_v1:restless_spirit":2,"undead_revamp2:clogger":1,"alexsmobs:shoebill":1,"born_in_chaos_v1:baby_skeleton_minion":1,"undead_revamp2:theswarmer":1,"minecraft:skeleton":75,"undead_revamp2:deadclogger":2,"minecraft:guardian":2,"graveyard:acolyte":13,"minecraft:chicken":3,"alexsmobs:skelewag":1,"minecraft:zombie":51,"born_in_chaos_v1:corpse_fly":13,"born_in_chaos_v1:door_knight":1,"undead_revamp2:thehunter":1,"undead_revamp2:theimmortal":10,"alexsmobs:raccoon":2,"minecraft:horse":3,"undead_revamp2:thebidy":1,"born_in_chaos_v1:barrel_zombie":3,"graveyard:ghoul":1,"born_in_chaos_v1:bone_imp_minion":1,"undead_revamp2:the_moonflower":22,"born_in_chaos_v1:decrepit_skeleton":11,"born_in_chaos_v1:bloody_gadfly":1,"alexsmobs:crocodile":2,"born_in_chaos_v1:dark_vortex":2,"undead_revamp2:thewolf":1,"born_in_chaos_v1:zombie_clown":1,"minecraft:witch":7,"minecraft:spider":10,"undead_revamp2:therod":1,"alexsmobs:grizzly_bear":6,"minecraft:zombie_villager":1,"minecraft:sheep":2,"born_in_chaos_v1:zombie_fisherman":2,"born_in_chaos_v1:dread_hound":4,"minecraft:stray":4,"born_in_chaos_v1:zombie_clown_not_despawn":1,"minecraft:slime":1,"born_in_chaos_v1:zombie_bruiser":2,"born_in_chaos_v1:maggot":22,"minecraft:drowned":1,"born_in_chaos_v1:corpse_fish":4,"undead_revamp2:sucker":3,"born_in_chaos_v1:baby_skeleton":2,"born_in_chaos_v1:swarmer":2,"born_in_chaos_v1:phantom_creeper_copy":1,"born_in_chaos_v1:nightmare_stalker":2,"minecraft:wither_skeleton":1},"minecraft:broken":{"minecraft:diamond_helmet":1,"minecraft:iron_boots":2,"minecraft:iron_chestplate":2,"graveyard:bone_dagger":1,"minecraft:diamond_leggings":1,"minecraft:shield":6,"minecraft:iron_pickaxe":1,"minecraft:iron_helmet":1,"fabledweaponry:scythe_stone":1,"minecraft:stone_axe":3,"minecraft:stone_shovel":1,"fabledweaponry:waraxe_stone":1},"minecraft:used":{"minecraft:moss_block":1,"ecologics:sandcastle":1,"minecraft:ladder":1,"minecraft:chest":2,"minecraft:rotten_flesh":2,"aquaculture:perch_bucket":1,"butcher:blood_liquid_bucket":22,"minecraft:bow":37,"minecraft:furnace":11,"supplementaries:bamboo_spikes_tipped":1,"minecraft:mossy_stone_bricks":5,"minecraft:wooden_pickaxe":22,"farmersdelight:cabbage_leaf":1,"minecraft:blast_furnace":1,"minecraft:polished_granite":1,"minecraft:diamond_sword":734,"minecraft:oak_boat":3,"minecraft:iron_bars":2,"minecraft:stone_sword":86,"born_in_chaos_v1:fried_maggot":11,"minecraft:torch":2,"minecraft:mud_brick_stairs":1,"farmersdelight:beef_patty":6,"minecraft:iron_axe":9,"minecraft:mud_bricks":5,"butcher:bloodgrate":5,"farmersdelight:cooking_pot":3,"butcher:hook_block":3,"tombstone:gift":10,"farmersdelight:tomato_seeds":1,"minecraft:cobbled_deepslate":5,"farmersdelight:cooked_rice":11,"minecraft:water_bucket":47,"butcher:butchers_knife":106,"graveyard:bone_dagger":14,"minecraft:crafting_table":21,"born_in_chaos_v1:skullbreaker_hammer":16,"minecraft:white_bed":1,"minecraft:diamond_pickaxe":4,"fabledweaponry:waraxe_stone":77,"minecraft:iron_pickaxe":447,"tombstone:magic_scroll":3,"minecraft:chiseled_stone_bricks":3,"minecraft:cobblestone":12,"undead_revamp2:clogggerribswithbun":39,"farmersdelight:cabbage_rolls":7,"minecraft:shield":242,"minecraft:iron_chestplate":3,"minecraft:jungle_planks":5,"minecraft:carrot":7,"butcher:emptyskinrack":1,"butcher:cow_headf":2,"minecraft:packed_mud":3,"minecraft:iron_helmet":1,"minecraft:stone_bricks":3,"farmersdelight:cutting_board":7,"minecraft:diamond_boots":1,"farmersdelight:dog_food":1,"minecraft:stone_pickaxe":48,"minecraft:oak_planks":42,"fabledweaponry:scythe_stone":204,"minecraft:white_wool":3,"minecraft:mushroom_stew":1,"minecraft:yellow_concrete":5,"minecraft:cobbled_deepslate_stairs":1,"minecraft:firework_rocket":3,"minecraft:cyan_bed":1,"minecraft:bread":61,"tombstone:grave_key":5,"minecraft:gravel":10,"ecologics:coconut_slice":4,"born_in_chaos_v1:mesh_door":1,"minecraft:chain":3,"minecraft:cobweb":4,"minecraft:oak_fence":6,"minecraft:flint_and_steel":3,"minecraft:stone_shovel":172,"minecraft:spruce_planks":2,"minecraft:dirt":153,"minecraft:spyglass":20,"scalinghealth:heart_crystal":17,"butcher:cowcorpseitem":8,"minecraft:iron_hoe":95,"minecraft:iron_boots":3,"minecraft:soul_soil":1,"scalinghealth:bandages":1,"minecraft:iron_leggings":2,"minecraft:polished_andesite":1,"minecraft:baked_potato":1,"minecraft:mud_brick_slab":4,"minecraft:stripped_dark_oak_log":5,"minecraft:dark_oak_door":20,"tombstone:bag_of_seeds":4,"farmersdelight:bacon_and_eggs":3,"minecraft:stone_axe":240,"butchersdelightfoods:cookedsheeprack":1,"minecraft:cobbled_deepslate_slab":1,"minecraft:bucket":59,"minecraft:pumpkin_pie":10},"minecraft:killed_by":{"undead_revamp2:the_moonflower":2,"graveyard:acolyte":5,"minecraft:zombie":5,"minecraft:stray":1,"born_in_chaos_v1:decrepit_skeleton":1,"endermanoverhaul:swamp_enderman":1,"minecraft:wither_skeleton":1,"born_in_chaos_v1:bone_imp_minion":2,"undead_revamp2:clogger":1,"born_in_chaos_v1:supreme_bonescaller_stage_2":1,"undead_revamp2:thehorrors":1,"minecraft:skeleton":18},"minecraft:dropped":{"farmersdelight:iron_knife":1,"minecraft:crafting_table":1,"minecraft:weeping_vines":2,"minecraft:pitcher_pod":1,"regions_unexplored:pine_shrub":2,"minecraft:glow_berries":2,"born_in_chaos_v1:nightmare_claw":2,"born_in_chaos_v1:monster_flesh":5,"minecraft:dirt":44,"butcher:hook":2,"minecraft:gold_nugget":4,"minecraft:bone_meal":22,"minecraft:sand":1,"undead_revamp2:blacpetalblock":1,"minecraft:white_wool":6,"butcher:cowhoof":39,"minecraft:bone":4,"minecraft:dark_oak_door":4,"minecraft:stone_axe":2,"minecraft:iron_nugget":8,"alexsmobs:animal_dictionary":1,"minecraft:cobbled_deepslate":1,"minecraft:wheat":3,"undead_revamp2:arapholia":4,"minecraft:stripped_dark_oak_log":6,"minecraft:rotten_flesh":71,"minecraft:azure_bluet":1,"minecraft:charcoal":1,"farmersdelight:bacon_and_eggs":1,"minecraft:spruce_slab":2,"ecologics:tropical_stew":2,"minecraft:egg":1,"minecraft:enchanted_book":5,"minecraft:iron_ingot":5,"minecraft:black_dye":1,"minecraft:wheat_seeds":18,"minecraft:cobblestone":1,"minecraft:iron_helmet":1,"minecraft:spruce_door":2,"minecraft:deepslate_tile_slab":5,"minecraft:cobweb":18,"minecraft:ink_sac":1,"minecraft:wooden_hoe":1,"minecraft:wooden_axe":1,"minecraft:diamond_helmet":1,"minecraft:furnace":4,"minecraft:soul_soil":1,"minecraft:bowl":10,"minecraft:stone_shovel":1,"born_in_chaos_v1:rotten_fish":1,"butcher:cow_skin":19,"minecraft:polished_deepslate_slab":4,"minecraft:clay_ball":14,"minecraft:iron_boots":1,"minecraft:cobbled_deepslate_slab":4,"scalinghealth:power_crystal_shard":6,"minecraft:pumpkin_seeds":14,"minecraft:blast_furnace":1,"minecraft:sea_pickle":1,"minecraft:allium":11,"minecraft:bundle":3,"minecraft:barrel":1,"sophisticatedbackpacks:copper_backpack":1,"minecraft:bow":4,"minecraft:dark_prismarine":4,"minecraft:black_wool":1,"supplementaries:flute":1,"minecraft:spruce_sign":10,"minecraft:moss_block":3,"ecologics:coconut_slice":14,"minecraft:lantern":3,"minecraft:leather":2,"minecraft:mutton":2,"minecraft:crimson_roots":5,"minecraft:seagrass":1,"butcher:cow_headf":5,"minecraft:tube_coral":2,"minecraft:gravel":2,"minecraft:soul_lantern":1,"born_in_chaos_v1:ethereal_spirit":1,"minecraft:beetroot":3,"minecraft:prismarine":6,"supplementaries:antique_ink":2,"supplementaries:soap":1,"minecraft:sandstone_wall":1,"minecraft:leather_chestplate":4,"supplementaries:ash":11,"born_in_chaos_v1:corpse_maggot":7,"minecraft:beetroot_seeds":13,"minecraft:melon_seeds":1,"ecologics:coconut_husk":5,"minecraft:iron_bars":26,"minecraft:arrow":3,"minecraft:prismarine_bricks":2,"butcher:butchers_knife":1,"scalinghealth:heart_crystal_shard":1,"minecraft:copper_ingot":1,"minecraft:stick":3,"minecraft:torch":3,"minecraft:nether_wart_block":5,"minecraft:melon_slice":2,"tombstone:grave_dust":5,"minecraft:iron_leggings":1,"minecraft:iron_axe":1,"fabledweaponry:scythe_stone":2,"minecraft:redstone":5,"regions_unexplored:pink_magnolia_shrub":1,"minecraft:kelp":2,"alexsmobs:maggot":1,"supplementaries:bamboo_spikes_tipped":1,"minecraft:flint_and_steel":1,"minecraft:filled_map":1,"graveyard:small_light_gray_urn":5,"farmersdelight:fried_egg":1,"minecraft:diamond_chestplate":1,"minecraft:iron_chestplate":1,"born_in_chaos_v1:spiny_shell":1,"minecraft:fire_coral":1,"minecraft:oak_sapling":3,"farmersdelight:minced_beef":6,"supplementaries:bubble_blower":1,"minecraft:spruce_log":3,"undead_revamp2:clogggerribswithbun":1,"minecraft:wooden_pickaxe":3,"minecraft:stone_pickaxe":2},"minecraft:picked_up":{"minecraft:wooden_axe":1,"minecraft:seagrass":1,"butchersdelightfoods:legcow":1,"minecraft:enchanted_book":2,"butcher:cowcorpseitem":16,"farmersdelight:cutting_board":7,"minecraft:soul_soil":2,"minecraft:string":63,"born_in_chaos_v1:mesh_door":2,"minecraft:beetroot":3,"minecraft:diamond_leggings":1,"minecraft:cobbled_deepslate":47,"minecraft:gold_nugget":60,"minecraft:spruce_planks":1,"minecraft:coal_block":8,"regions_unexplored:pine_shrub":2,"ecologics:crab_claw":2,"minecraft:dark_oak_door":19,"born_in_chaos_v1:shattered_skull":1,"minecraft:sandstone_wall":1,"farmersdelight:chicken_cuts":6,"minecraft:black_dye":1,"undead_revamp2:cloogerribs":75,"born_in_chaos_v1:fried_maggot":2,"farmersdelight:onion":18,"minecraft:iron_block":2,"supplementaries:ash":70,"minecraft:iron_bars":28,"minecraft:magma_block":1,"minecraft:feather":1,"farmersdelight:rice":12,"minecraft:jungle_log":1,"farmersdelight:bacon":8,"minecraft:flint":8,"minecraft:lantern":3,"born_in_chaos_v1:nightmare_stalker_skull":1,"farmersdelight:mutton_chops":10,"butcher:cow_skin":22,"undead_revamp2:blacpetalblock":1,"butchersdelightfoods:cookedsheeprack":1,"butcher:raw_tbone_steak":6,"minecraft:diamond_helmet":1,"minecraft:moss_block":4,"butcher:cow_headf":7,"alexsmobs:crocodile_egg":2,"butchersdelightfoods:porkloin":1,"ecologics:coconut_husk":1,"minecraft:ink_sac":1,"minecraft:barrel":1,"minecraft:bundle":3,"minecraft:polished_andesite":1,"minecraft:white_candle":1,"supplementaries:bubble_blower":1,"minecraft:bread":1,"alexsmobs:maggot":1,"born_in_chaos_v1:rotten_fish":6,"minecraft:bricks":4,"minecraft:crimson_roots":10,"minecraft:crafting_table":22,"minecraft:clay_ball":18,"born_in_chaos_v1:seedof_chaos":2,"ecologics:seashell":1,"minecraft:fire_coral":1,"farmersdelight:cooked_rice":4,"butcher:raw_sirloin_steak":6,"minecraft:flint_and_steel":1,"minecraft:netherite_scrap":1,"born_in_chaos_v1:intoxicating_decoction":2,"minecraft:cracked_stone_bricks":2,"minecraft:beef":43,"born_in_chaos_v1:gnawed_bones":2,"minecraft:iron_nugget":6,"minecraft:spruce_slab":2,"minecraft:chest":1,"supplementaries:rope":20,"minecraft:egg":5,"minecraft:polished_deepslate_slab":4,"minecraft:raw_gold_block":1,"farmersdelight:minced_beef":82,"farmersdelight:tomato_seeds":1,"born_in_chaos_v1:pieceofdarkmetal":2,"minecraft:carrot":20,"minecraft:redstone":15,"minecraft:prismarine_crystals":5,"minecraft:tnt":3,"minecraft:diamond_chestplate":1,"minecraft:stone_shovel":1,"minecraft:beetroot_seeds":10,"minecraft:diamond_boots":1,"minecraft:hay_block":141,"born_in_chaos_v1:spiny_shell":1,"minecraft:gold_ingot":8,"tombstone:essence_of_undeath":1,"sophisticatedbackpacks:copper_backpack":1,"minecraft:glow_berries":3,"minecraft:mutton":11,"minecraft:white_wool":10,"minecraft:mud_bricks":5,"born_in_chaos_v1:monster_flesh":11,"minecraft:packed_mud":3,"graveyard:small_light_gray_urn":5,"minecraft:oak_log":71,"scalinghealth:bandages":2,"tombstone:gift":1,"scalinghealth:medkit":2,"minecraft:stone_bricks":10,"farmersdelight:cooking_pot":2,"minecraft:kelp":2,"minecraft:stone_pickaxe":1,"minecraft:cobweb":22,"scalinghealth:power_crystal_shard":8,"tombstone:bag_of_seeds":3,"minecraft:glass_bottle":1,"butcher:raw_chuck_steak":6,"minecraft:yellow_concrete":5,"born_in_chaos_v1:orbofthe_summoner":3,"born_in_chaos_v1:ethereal_spirit":6,"minecraft:gravel":38,"butcher:raw_rump_steak":6,"minecraft:spruce_log":3,"farmersdelight:cabbage_leaf":16,"minecraft:slime_ball":27,"minecraft:stone_axe":2,"minecraft:baked_potato":1,"minecraft:melon_seeds":3,"minecraft:stripped_dark_oak_log":15,"minecraft:wheat":2,"minecraft:raw_copper":6,"minecraft:sea_pickle":1,"farmersdelight:cabbage":4,"minecraft:iron_pickaxe":1,"alexsmobs:raccoon_tail":1,"farmersdelight:cabbage_seeds":30,"minecraft:furnace":13,"minecraft:tipped_arrow":3,"minecraft:stick":8,"minecraft:oak_fence":3,"minecraft:torch":5,"supplementaries:bamboo_spikes_tipped":2,"minecraft:porkchop":4,"regions_unexplored:pink_magnolia_shrub":1,"tombstone:grave_dust":28,"born_in_chaos_v1:nightmare_claw":5,"farmersdelight:fried_egg":1,"minecraft:rotten_flesh":233,"supplementaries:antique_ink":2,"butcher:chicken_corpse_item":4,"farmersdelight:raw_pasta":12,"minecraft:obsidian":4,"undead_revamp2:arapholia":5,"minecraft:cobblestone":67,"minecraft:leather_chestplate":5,"butcher:pig_corpse_item":9,"minecraft:mud_brick_stairs":1,"alexsmobs:bear_fur":6,"minecraft:tuff":19,"supplementaries:flax_seeds":5,"minecraft:prismarine_bricks":2,"supplementaries:flute":1,"minecraft:dirt":199,"minecraft:polished_granite":3,"born_in_chaos_v1:monster_skin":5,"minecraft:bone":189,"farmersdelight:iron_knife":1,"butcher:raw_ribeye_steak":6,"minecraft:bow":7,"minecraft:wheat_seeds":20,"minecraft:raw_gold":23,"minecraft:cobbled_deepslate_slab":5,"minecraft:mossy_stone_bricks":24,"minecraft:bamboo":3,"minecraft:prismarine":6,"minecraft:oak_planks":62,"butcher:hook":4,"minecraft:cooked_porkchop":1,"graveyard:bone_dagger":2,"minecraft:jungle_planks":1,"minecraft:sand":18,"minecraft:cyan_bed":1,"minecraft:mossy_cobblestone":3,"minecraft:dark_prismarine":4,"minecraft:diamond":13,"minecraft:soul_lantern":1,"minecraft:bone_meal":5,"minecraft:spruce_sign":10,"minecraft:emerald":5,"butchersdelightfoods:sheepshank":1,"minecraft:oak_sapling":2,"minecraft:mud_brick_slab":4,"minecraft:allium":11,"minecraft:azure_bluet":1,"minecraft:chicken":3,"minecraft:ladder":1,"fabledweaponry:scythe_stone":3,"minecraft:wooden_pickaxe":3,"minecraft:chain":11,"minecraft:iron_axe":1,"graveyard:corruption":11,"minecraft:oak_boat":1,"minecraft:sugar_cane":25,"minecraft:raw_iron":112,"ecologics:coconut_slice":20,"minecraft:copper_ingot":8,"butcher:bloodgrate":6,"minecraft:bowl":12,"alexsmobs:crocodile_scute":1,"minecraft:weeping_vines":2,"minecraft:arrow":65,"minecraft:tube_coral":2,"born_in_chaos_v1:corpse_maggot":27,"butcher:butchers_knife":1,"minecraft:leather":106,"minecraft:waxed_copper_block":14,"scalinghealth:heart_crystal":16,"minecraft:nether_wart_block":5,"minecraft:cobbled_deepslate_stairs":1,"minecraft:gunpowder":16,"minecraft:deepslate_tile_slab":5,"minecraft:iron_ingot":25,"butcher:hook_block":4,"minecraft:book":12,"scalinghealth:heart_crystal_shard":17,"minecraft:chiseled_stone_bricks":3,"minecraft:raw_iron_block":8,"minecraft:blast_furnace":3,"minecraft:white_bed":1,"minecraft:spruce_door":2,"minecraft:spider_eye":2,"butcher:cowhoof":39,"minecraft:pumpkin_seeds":15,"minecraft:iron_helmet":1,"tombstone:magic_scroll":3,"minecraft:black_wool":1,"minecraft:coal":8},"minecraft:custom":{"minecraft:interact_with_crafting_table":86,"minecraft:open_barrel":74,"minecraft:eat_cake_slice":3,"minecraft:leave_game":5,"minecraft:time_since_death":9437,"minecraft:damage_blocked_by_shield":17047,"minecraft:play_time":429533,"minecraft:deaths":42,"minecraft:jump":5952,"minecraft:interact_with_furnace":77,"minecraft:sleep_in_bed":3,"minecraft:damage_dealt":87731,"tombstone:undead_killed":205,"minecraft:interact_with_smoker":6,"minecraft:interact_with_anvil":2,"minecraft:sneak_time":38267,"minecraft:total_world_time":429533,"tombstone:raider_killed":12,"minecraft:tune_noteblock":1,"minecraft:time_since_rest":9367,"minecraft:swim_one_cm":322293,"minecraft:fly_one_cm":981173,"minecraft:open_chest":152,"minecraft:fall_one_cm":112541,"minecraft:sprint_one_cm":903593,"minecraft:drop":267,"minecraft:talked_to_villager":6,"minecraft:interact_with_brewingstand":3,"minecraft:walk_on_water_one_cm":101669,"minecraft:interact_with_loom":2,"minecraft:player_kills":3,"minecraft:crouch_one_cm":96533,"minecraft:mob_kills":343,"minecraft:damage_dealt_resisted":1345,"minecraft:climb_one_cm":62758,"minecraft:walk_one_cm":977807,"minecraft:walk_under_water_one_cm":103556,"minecraft:boat_one_cm":190317,"minecraft:damage_taken":31512}},"DataVersion":3465}