{"stats":{"minecraft:killed_by":{"born_in_chaos_v1:nightmare_stalker":1,"minecraft:skeleton":1,"born_in_chaos_v1:scarlet_persecutor":1,"born_in_chaos_v1:dread_hound":1},"minecraft:crafted":{"minecraft:oak_planks":24,"minecraft:stone_shovel":1,"minecraft:crafting_table":1,"minecraft:wooden_pickaxe":1,"minecraft:furnace":1,"minecraft:stone_axe":1,"minecraft:air":0,"minecraft:shield":1,"minecraft:stick":16,"minecraft:iron_ingot":4,"minecraft:stone_pickaxe":1,"minecraft:stone_sword":1,"minecraft:acacia_planks":12},"minecraft:mined":{"minecraft:acacia_leaves":4,"regions_unexplored:blue_lupine":1,"regions_unexplored:yellow_lupine":1,"minecraft:crafting_table":2,"minecraft:acacia_log":8,"minecraft:grass_block":6,"minecraft:tall_grass":1,"minecraft:furnace":1,"minecraft:iron_ore":4,"minecraft:birch_leaves":1,"minecraft:grass":11,"minecraft:oak_log":30,"minecraft:coal_ore":11,"minecraft:dirt":7,"regions_unexplored:clover":3,"regions_unexplored:medium_grass":2,"minecraft:stone":32,"minecraft:oak_leaves":9},"minecraft:custom":{"minecraft:interact_with_furnace":3,"minecraft:mob_kills":27,"minecraft:interact_with_crafting_table":5,"minecraft:damage_dealt_resisted":734,"minecraft:leave_game":2,"minecraft:time_since_death":9789,"minecraft:time_since_rest":9813,"minecraft:sprint_one_cm":56697,"minecraft:damage_taken":1972,"minecraft:walk_one_cm":50358,"minecraft:damage_blocked_by_shield":180,"minecraft:damage_dealt":4964,"minecraft:swim_one_cm":51466,"minecraft:fly_one_cm":89419,"minecraft:open_chest":1,"minecraft:crouch_one_cm":16864,"minecraft:play_time":35402,"minecraft:deaths":6,"minecraft:sneak_time":6012,"minecraft:walk_under_water_one_cm":16281,"minecraft:jump":791,"minecraft:walk_on_water_one_cm":6474,"minecraft:total_world_time":35402,"minecraft:fall_one_cm":29479},"minecraft:used":{"regions_unexplored:yellow_lupine":1,"minecraft:stone_sword":96,"minecraft:stone_shovel":12,"minecraft:stone_pickaxe":25,"minecraft:shield":4,"minecraft:wooden_pickaxe":23,"minecraft:rotten_flesh":6,"minecraft:dirt":6,"scalinghealth:heart_crystal":1,"minecraft:crafting_table":2,"regions_unexplored:clover":5,"minecraft:stone_axe":32,"minecraft:furnace":1},"minecraft:killed":{"minecraft:creeper":1,"born_in_chaos_v1:maggot":1,"minecraft:skeleton":1,"minecraft:sheep":2,"minecraft:zombie":5,"alexsmobs:terrapin":1,"born_in_chaos_v1:corpse_fly":8,"born_in_chaos_v1:corpse_fish":6,"born_in_chaos_v1:nightmare_stalker":1,"born_in_chaos_v1:door_knight":1},"minecraft:picked_up":{"born_in_chaos_v1:corpse_maggot":9,"minecraft:crafting_table":3,"born_in_chaos_v1:monster_flesh":3,"minecraft:wooden_pickaxe":1,"minecraft:oak_log":44,"minecraft:shield":1,"minecraft:gunpowder":2,"scalinghealth:heart_crystal":2,"minecraft:dirt":23,"minecraft:bone":3,"minecraft:iron_ingot":4,"minecraft:stone_pickaxe":1,"minecraft:oak_planks":15,"minecraft:acacia_sapling":2,"regions_unexplored:yellow_lupine":1,"minecraft:furnace":2,"minecraft:stick":7,"minecraft:raw_iron":4,"born_in_chaos_v1:ethereal_spirit":2,"minecraft:acacia_log":8,"regions_unexplored:blue_lupine":2,"born_in_chaos_v1:nightmare_claw":1,"regions_unexplored:pink_lupine":1,"alexsmobs:animal_dictionary":1,"minecraft:arrow":2,"minecraft:stone_sword":1,"minecraft:rotten_flesh":6,"minecraft:stone_shovel":1,"minecraft:stone_axe":1,"regions_unexplored:clover":8,"minecraft:bone_meal":1,"regions_unexplored:purple_lupine":1,"born_in_chaos_v1:rotten_fish":2,"minecraft:mutton":4,"minecraft:coal":31,"minecraft:white_wool":2,"minecraft:cobblestone":32}},"DataVersion":3465}