{"stats":{"minecraft:killed_by":{"born_in_chaos_v1:corpse_fish":1},"minecraft:crafted":{"minecraft:oak_planks":20,"minecraft:crafting_table":1,"minecraft:wooden_pickaxe":1,"minecraft:stick":4,"minecraft:wooden_axe":1,"minecraft:acacia_planks":44},"minecraft:mined":{"minecraft:crafting_table":1,"minecraft:acacia_log":12,"minecraft:tall_grass":1,"minecraft:furnace":1,"minecraft:carrots":5,"minecraft:fire":1,"minecraft:grass":5,"minecraft:oak_log":5,"minecraft:sand":3,"regions_unexplored:clover":1},"minecraft:broken":{"minecraft:wooden_axe":1},"minecraft:used":{"born_in_chaos_v1:ethereal_spirit":3,"butcher:butchers_knife":3,"minecraft:wooden_pickaxe":11,"minecraft:iron_sword":19,"minecraft:iron_chestplate":1,"minecraft:oak_slab":1,"minecraft:crafting_table":1,"minecraft:carrot":5,"minecraft:oak_log":1,"minecraft:wooden_axe":38,"minecraft:bread":4,"minecraft:pig_spawn_egg":2,"minecraft:iron_helmet":1,"minecraft:iron_boots":1,"minecraft:cobblestone":1,"minecraft:diamond_sword":2,"minecraft:golden_carrot":1,"minecraft:potion":1,"minecraft:beef":2,"toughasnails:purified_water_canteen":4,"minecraft:acacia_planks":10,"minecraft:iron_leggings":1},"minecraft:custom":{"minecraft:mob_kills":18,"minecraft:interact_with_crafting_table":2,"minecraft:damage_dealt_resisted":480,"minecraft:leave_game":2,"minecraft:time_since_death":20796,"minecraft:climb_one_cm":450,"minecraft:time_since_rest":20878,"minecraft:sprint_one_cm":125111,"minecraft:damage_taken":827,"minecraft:walk_one_cm":70396,"minecraft:drop":5,"minecraft:damage_dealt":2615,"minecraft:swim_one_cm":46772,"minecraft:talked_to_villager":1,"minecraft:fly_one_cm":343349,"minecraft:open_chest":7,"minecraft:crouch_one_cm":3939,"minecraft:play_time":115237,"minecraft:deaths":2,"minecraft:sneak_time":1397,"minecraft:walk_under_water_one_cm":6594,"minecraft:jump":1305,"minecraft:walk_on_water_one_cm":5887,"minecraft:total_world_time":115237,"minecraft:fall_one_cm":39651},"minecraft:dropped":{"minecraft:oak_slab":2,"minecraft:wheat_seeds":1,"minecraft:pig_spawn_egg":1,"minecraft:peony":1},"minecraft:killed":{"minecraft:pig":1,"born_in_chaos_v1:restless_spirit":1,"born_in_chaos_v1:skeleton_demoman":1,"minecraft:creeper":1,"born_in_chaos_v1:scarlet_persecutor":1,"minecraft:sheep":4,"minecraft:zombie":1,"born_in_chaos_v1:corpse_fly":2,"minecraft:chicken":1,"minecraft:cow":5},"minecraft:picked_up":{"born_in_chaos_v1:corpse_maggot":3,"minecraft:crafting_table":1,"minecraft:iron_chestplate":4,"minecraft:feather":2,"minecraft:chicken":1,"butcher:pig_corpse_item":1,"minecraft:leather":4,"minecraft:oak_log":5,"minecraft:gunpowder":3,"minecraft:iron_leggings":4,"minecraft:armor_stand":4,"minecraft:bone":2,"minecraft:experience_bottle":1,"minecraft:bow":1,"minecraft:wheat_seeds":2,"minecraft:beef":12,"scalinghealth:power_crystal_shard":3,"minecraft:rose_bush":2,"minecraft:light_gray_wool":1,"minecraft:iron_boots":4,"minecraft:furnace":1,"minecraft:oak_slab":1,"scalinghealth:heart_crystal_shard":13,"born_in_chaos_v1:ethereal_spirit":1,"minecraft:acacia_log":11,"regions_unexplored:blue_lupine":1,"minecraft:sand":3,"minecraft:porkchop":2,"minecraft:carrot":18,"regions_unexplored:hyssop":1,"minecraft:rotten_flesh":3,"regions_unexplored:fireweed":1,"minecraft:peony":2,"regions_unexplored:clover":4,"minecraft:iron_helmet":4,"minecraft:mutton":7,"minecraft:white_wool":3,"minecraft:cobblestone":15}},"DataVersion":3465}