{"stats":{"minecraft:crafted":{"minecraft:oak_planks":32,"minecraft:stone":1,"fabledweaponry:scythe_stone":1,"tombstone:grave_key":4,"minecraft:chest":1,"minecraft:stone_hoe":1,"supplementaries:flute":2,"sophisticatedbackpacks:backpack":1,"minecraft:crafting_table":3,"minecraft:jungle_boat":1,"minecraft:wooden_pickaxe":1,"minecraft:diamond_pickaxe":1,"minecraft:shield":1,"minecraft:stick":24,"minecraft:iron_ingot":3,"minecraft:iron_pickaxe":1,"minecraft:iron_block":1,"minecraft:iron_nugget":9,"minecraft:iron_axe":1,"minecraft:iron_hoe":1,"minecraft:stone_pickaxe":1,"minecraft:diamond_boots":1,"fabledweaponry:scythe_iron":1,"minecraft:stone_axe":1,"minecraft:air":0,"minecraft:jungle_planks":32,"supplementaries:bubble_blower":2,"minecraft:wooden_axe":1},"minecraft:mined":{"minecraft:waxed_cut_copper_slab":2,"minecraft:spruce_planks":3,"minecraft:warped_stairs":2,"minecraft:spruce_trapdoor":4,"minecraft:stripped_crimson_hyphae":2,"minecraft:grass_block":1,"ecologics:coconut_leaves":1,"minecraft:jungle_log":9,"minecraft:light_gray_bed":3,"minecraft:mud_bricks":11,"minecraft:frosted_ice":1,"minecraft:oak_wall_sign":1,"minecraft:spawner":43,"minecraft:polished_blackstone_bricks":1,"farmersdelight:wild_rice":2,"minecraft:barrel":1,"minecraft:stripped_dark_oak_wood":10,"minecraft:polished_deepslate_slab":3,"minecraft:iron_bars":2,"minecraft:spruce_wood":2,"minecraft:spruce_slab":3,"minecraft:spruce_wall_sign":1,"minecraft:glass":2,"minecraft:cobblestone":2,"minecraft:oak_planks":4,"ecologics:seashell":2,"minecraft:grass":3,"minecraft:oak_log":8,"minecraft:piston":4,"minecraft:oak_leaves":5,"minecraft:deepslate":5,"minecraft:emerald_block":7,"minecraft:tuff":3,"minecraft:red_carpet":1,"minecraft:cobbled_deepslate_slab":6,"minecraft:pink_wool":2,"minecraft:hay_block":21,"minecraft:packed_mud":8,"minecraft:green_terracotta":28,"minecraft:gold_block":8,"minecraft:bookshelf":9,"minecraft:vine":4,"minecraft:deepslate_iron_ore":7,"minecraft:smooth_quartz_stairs":1,"minecraft:bamboo":1,"minecraft:stone":16,"minecraft:green_wool":2,"minecraft:oak_slab":1,"minecraft:acacia_leaves":27,"minecraft:glass_pane":2,"minecraft:stone_brick_slab":1,"minecraft:crafting_table":7,"minecraft:tall_grass":9,"minecraft:spruce_stairs":3,"minecraft:yellow_concrete":64,"minecraft:cracked_stone_bricks":2,"minecraft:stone_bricks":1,"minecraft:polished_andesite":5,"minecraft:fern":1},"minecraft:killed":{"minecraft:witch":1,"born_in_chaos_v1:restless_spirit":2,"minecraft:spider":1,"undead_revamp2:thesmoker":1,"minecraft:skeleton":38,"ecologics:coconut_crab":2,"born_in_chaos_v1:supreme_bonescaller_stage_2":1,"alexsmobs:skelewag":1,"born_in_chaos_v1:firelight_not_despawn":1,"minecraft:zombie_villager":1,"minecraft:creeper":3,"minecraft:sheep":4,"minecraft:pillager":9,"born_in_chaos_v1:zombie_fisherman":2,"minecraft:zombie":8,"creeperoverhaul:swamp_creeper":1,"born_in_chaos_v1:corpse_fly":4,"mutantmonsters:mutant_creeper":1,"undead_revamp2:thehunter":2,"undead_revamp2:theimmortal":1,"minecraft:slime":2,"born_in_chaos_v1:thornshell_crab":3,"born_in_chaos_v1:zombie_bruiser":2,"born_in_chaos_v1:maggot":7,"undead_revamp2:thebidy":1,"undead_revamp2:sucker":1,"graveyard:ghoul":1,"undead_revamp2:the_moonflower":3,"born_in_chaos_v1:decrepit_skeleton":1,"minecraft:wither_skeleton":2},"minecraft:broken":{"minecraft:diamond_helmet":1,"minecraft:diamond_boots":1,"minecraft:stone_axe":1},"minecraft:used":{"minecraft:shield":27,"minecraft:green_terracotta":13,"minecraft:iron_chestplate":1,"minecraft:jungle_planks":1,"minecraft:stripped_dark_oak_wood":3,"minecraft:spruce_wood":1,"minecraft:packed_mud":10,"minecraft:green_wool":2,"minecraft:iron_helmet":1,"minecraft:egg":1,"minecraft:stone_pickaxe":14,"minecraft:oak_planks":20,"minecraft:wooden_pickaxe":8,"fabledweaponry:scythe_stone":17,"minecraft:jungle_boat":5,"minecraft:yellow_concrete":106,"minecraft:bread":45,"tombstone:grave_key":4,"minecraft:experience_bottle":49,"minecraft:spruce_planks":2,"minecraft:torch":1,"minecraft:dirt":1,"scalinghealth:heart_crystal":14,"tombstone:scroll_of_aquatic_life":1,"minecraft:dark_oak_planks":7,"minecraft:wooden_axe":11,"alexsmobs:maggot":1,"minecraft:iron_axe":22,"minecraft:mud_bricks":15,"minecraft:emerald_block":1,"minecraft:goat_horn":16,"fabledweaponry:scythe_iron":100,"tombstone:gift":4,"minecraft:acacia_wood":4,"minecraft:light_gray_bed":2,"minecraft:water_bucket":56,"minecraft:polished_deepslate_slab":1,"minecraft:crafting_table":7,"minecraft:diamond_pickaxe":195,"minecraft:apple":29,"minecraft:iron_pickaxe":45,"minecraft:stone_axe":90,"minecraft:cobblestone":30,"fabledweaponry:scythe_diamond":325,"minecraft:bucket":56},"minecraft:killed_by":{"minecraft:wither_skeleton":3,"minecraft:pillager":1,"minecraft:vindicator":2,"minecraft:zombie":5,"born_in_chaos_v1:supreme_bonescaller_stage_2":4,"minecraft:player":2,"graveyard:ghoul":1,"undead_revamp2:thehorrors":1,"minecraft:skeleton":35,"undead_revamp2:thebeartamer":1},"minecraft:picked_up":{"minecraft:seagrass":3,"butchersdelightfoods:legcow":3,"minecraft:chainmail_boots":1,"minecraft:prismarine_shard":3,"minecraft:diamond_sword":1,"minecraft:enchanted_book":1,"minecraft:potion":1,"minecraft:warped_stairs":1,"minecraft:waxed_cut_copper_slab":2,"alexsmobs:ancient_dart":2,"minecraft:iron_leggings":2,"minecraft:armor_stand":1,"minecraft:diamond_leggings":1,"minecraft:cobbled_deepslate":6,"minecraft:bucket":1,"minecraft:spruce_planks":3,"minecraft:iron_pickaxe":1,"minecraft:smooth_quartz_stairs":1,"ecologics:crab_claw":2,"butchersdelightfoods:cooked_sheeploin":1,"minecraft:stick":6,"born_in_chaos_v1:shattered_skull":2,"minecraft:spruce_stairs":3,"minecraft:porkchop":3,"minecraft:dried_kelp":5,"tombstone:grave_dust":11,"minecraft:goat_horn":1,"minecraft:green_terracotta":26,"minecraft:light_gray_bed":3,"minecraft:rotten_flesh":24,"butchersdelightfoods:ham":2,"farmersdelight:rope":11,"minecraft:green_wool":2,"supplementaries:ash":5,"minecraft:cod":2,"minecraft:cobblestone":41,"butchersdelightfoods:beeftenderloin":1,"farmersdelight:rice":2,"minecraft:water_bucket":3,"minecraft:jungle_log":8,"supplementaries:soap":1,"minecraft:tuff":3,"undead_revamp2:huntereye":1,"minecraft:horn_coral":1,"minecraft:dirt":1,"minecraft:lantern":1,"minecraft:bone":23,"minecraft:wheat_seeds":3,"minecraft:raw_gold":1,"minecraft:cobbled_deepslate_slab":5,"minecraft:bamboo":14,"minecraft:diamond_helmet":1,"minecraft:glowstone_dust":2,"minecraft:oak_planks":28,"ecologics:coconut_husk":2,"minecraft:jungle_planks":4,"alexsmobs:animal_dictionary":1,"minecraft:barrel":2,"minecraft:bundle":2,"minecraft:golden_apple":1,"minecraft:spruce_sign":19,"minecraft:emerald":3,"minecraft:chainmail_helmet":1,"alexsmobs:maggot":1,"butchersdelightfoods:sheepshank":4,"born_in_chaos_v1:rotten_fish":1,"minecraft:fishing_rod":1,"minecraft:crafting_table":6,"born_in_chaos_v1:seedof_chaos":2,"ecologics:seashell":2,"minecraft:pink_wool":2,"minecraft:gold_block":7,"minecraft:chain":1,"minecraft:moss_carpet":1,"minecraft:flint_and_steel":1,"ecologics:tropical_stew":1,"graveyard:corruption":1,"minecraft:beef":3,"minecraft:player_head":1,"minecraft:spruce_slab":1,"butchersdelightfoods:porkribs":1,"minecraft:spruce_trapdoor":2,"minecraft:piston":4,"minecraft:egg":1,"minecraft:raw_iron":7,"minecraft:stripped_crimson_hyphae":2,"minecraft:polished_deepslate_slab":2,"ecologics:coconut_slice":17,"minecraft:polished_blackstone_bricks":1,"minecraft:carrot":8,"minecraft:redstone":4,"minecraft:dark_oak_planks":7,"minecraft:arrow":47,"minecraft:diamond_chestplate":2,"minecraft:diamond_boots":1,"minecraft:hay_block":21,"minecraft:stripped_dark_oak_wood":5,"born_in_chaos_v1:spiny_shell":8,"minecraft:white_wool":7,"born_in_chaos_v1:corpse_maggot":7,"minecraft:jungle_boat":5,"minecraft:mud_bricks":19,"minecraft:leather":9,"minecraft:acacia_wood":1,"minecraft:packed_mud":12,"minecraft:oak_log":8,"minecraft:chainmail_chestplate":1,"scalinghealth:bandages":2,"minecraft:gunpowder":8,"scalinghealth:heart_crystal":6,"tombstone:gift":4,"scalinghealth:medkit":1,"minecraft:apple":2,"minecraft:stone_bricks":1,"minecraft:spruce_wood":1,"minecraft:iron_ingot":8,"scalinghealth:power_crystal_shard":15,"tombstone:bag_of_seeds":1,"minecraft:glass_bottle":6,"minecraft:book":27,"minecraft:oak_slab":1,"scalinghealth:heart_crystal_shard":10,"endrem:witch_pupil":1,"minecraft:emerald_block":8,"minecraft:yellow_concrete":62,"born_in_chaos_v1:orbofthe_summoner":1,"born_in_chaos_v1:ethereal_spirit":3,"minecraft:white_bed":2,"farmersdelight:bacon_and_eggs":1,"minecraft:leather_helmet":1,"minecraft:slime_ball":6,"minecraft:chainmail_leggings":1,"tombstone:magic_scroll":2,"minecraft:coal":1},"minecraft:dropped":{"minecraft:spruce_sign":19,"minecraft:acacia_wood":2,"minecraft:porkchop":3,"minecraft:diamond":10,"ecologics:coconut_slice":11,"minecraft:lantern":1,"minecraft:jungle_planks":7,"farmersdelight:rice":2,"minecraft:packed_mud":2,"butchersdelightfoods:legcow":1,"minecraft:seagrass":3,"minecraft:stripped_dark_oak_wood":2,"minecraft:horn_coral":1,"minecraft:chain":1,"minecraft:polished_blackstone_bricks":1,"minecraft:iron_pickaxe":2,"minecraft:white_wool":3,"minecraft:bone":4,"minecraft:waxed_cut_copper_slab":2,"minecraft:cobbled_deepslate":6,"alexsmobs:animal_dictionary":2,"fabledweaponry:scythe_iron":1,"tombstone:gift":3,"minecraft:rotten_flesh":19,"minecraft:oak_planks":24,"minecraft:white_bed":2,"minecraft:chainmail_chestplate":1,"supplementaries:ash":6,"minecraft:gunpowder":6,"minecraft:skeleton_skull":1,"born_in_chaos_v1:corpse_maggot":4,"ecologics:coconut_husk":2,"minecraft:chainmail_boots":1,"minecraft:spruce_slab":1,"minecraft:arrow":13,"minecraft:water_bucket":1,"minecraft:iron_ingot":2,"minecraft:oak_slab":1,"minecraft:wheat_seeds":2,"minecraft:smooth_quartz_stairs":1,"minecraft:yellow_concrete":228,"minecraft:diamond_leggings":1,"minecraft:prismarine_shard":3,"minecraft:iron_helmet":4,"minecraft:cobblestone":4,"born_in_chaos_v1:orbofthe_summoner":1,"ecologics:crab_claw":2,"minecraft:spruce_stairs":3,"minecraft:chainmail_helmet":1,"minecraft:coal":3,"minecraft:golden_apple":1,"minecraft:stick":6,"minecraft:warped_stairs":1,"minecraft:wooden_axe":2,"tombstone:grave_dust":7,"minecraft:iron_leggings":3,"fabledweaponry:scythe_stone":1,"minecraft:chainmail_leggings":1,"minecraft:moss_carpet":1,"minecraft:green_terracotta":13,"minecraft:tuff":3,"butchersdelightfoods:porkribs":1,"born_in_chaos_v1:rotten_fish":1,"minecraft:polished_deepslate_slab":1,"alexsmobs:ancient_dart":1,"minecraft:cobbled_deepslate_slab":5,"scalinghealth:power_crystal_shard":5,"minecraft:diamond_sword":1,"minecraft:mud_bricks":9,"minecraft:spruce_planks":1,"minecraft:spruce_trapdoor":2,"minecraft:bundle":2,"minecraft:iron_chestplate":2,"minecraft:pink_wool":2,"butchersdelightfoods:ham":2,"minecraft:stone_bricks":1,"minecraft:barrel":1,"minecraft:diamond_boots":2,"minecraft:stone_pickaxe":1,"minecraft:wooden_pickaxe":1,"ecologics:seashell":2,"supplementaries:flute":1},"minecraft:custom":{"minecraft:interact_with_crafting_table":20,"minecraft:open_barrel":54,"minecraft:leave_game":4,"minecraft:time_since_death":6219,"minecraft:sprint_one_cm":544964,"minecraft:damage_blocked_by_shield":2649,"minecraft:drop":155,"minecraft:talked_to_villager":2,"minecraft:play_time":216655,"minecraft:deaths":56,"tombstone:tomb_raiding":1,"minecraft:jump":4812,"minecraft:interact_with_brewingstand":1,"minecraft:walk_on_water_one_cm":51896,"minecraft:interact_with_furnace":15,"minecraft:interact_with_loom":1,"minecraft:sleep_in_bed":6,"tombstone:sneak_grave":3,"minecraft:damage_dealt":28826,"minecraft:crouch_one_cm":65686,"tombstone:undead_killed":66,"minecraft:mob_kills":119,"minecraft:damage_dealt_resisted":1279,"minecraft:climb_one_cm":9271,"minecraft:walk_one_cm":428149,"minecraft:damage_dealt_absorbed":80,"minecraft:sneak_time":20957,"minecraft:walk_under_water_one_cm":29387,"minecraft:boat_one_cm":172885,"minecraft:total_world_time":216655,"tombstone:raider_killed":10,"minecraft:time_since_rest":5757,"minecraft:damage_taken":17833,"tombstone:cast_on_ally":1,"minecraft:swim_one_cm":26694,"minecraft:fly_one_cm":1384618,"minecraft:open_chest":129,"minecraft:fall_one_cm":129603}},"DataVersion":3465}