{"stats":{"minecraft:used":{"minecraft:shield":12,"minecraft:iron_chestplate":1,"minecraft:torch":1,"scalinghealth:heart_crystal":2,"tombstone:scroll_of_aquatic_life":1,"minecraft:jungle_planks":1,"minecraft:wooden_axe":11,"alexsmobs:maggot":1,"minecraft:iron_helmet":1,"minecraft:goat_horn":5,"fabledweaponry:scythe_iron":96,"tombstone:gift":3,"minecraft:egg":1,"minecraft:light_gray_bed":2,"minecraft:water_bucket":18,"minecraft:oak_planks":2,"minecraft:stone_pickaxe":14,"minecraft:wooden_pickaxe":8,"fabledweaponry:scythe_stone":17,"minecraft:jungle_boat":5,"minecraft:crafting_table":5,"minecraft:apple":23,"minecraft:bread":13,"minecraft:iron_pickaxe":39,"minecraft:stone_axe":86,"minecraft:cobblestone":16,"minecraft:bucket":18},"minecraft:crafted":{"minecraft:oak_planks":32,"minecraft:stone":1,"fabledweaponry:scythe_stone":1,"minecraft:iron_hoe":1,"minecraft:stone_pickaxe":1,"minecraft:chest":1,"minecraft:stone_hoe":1,"supplementaries:flute":2,"sophisticatedbackpacks:backpack":1,"minecraft:crafting_table":2,"minecraft:jungle_boat":1,"minecraft:wooden_pickaxe":1,"fabledweaponry:scythe_iron":1,"minecraft:stone_axe":1,"minecraft:air":0,"minecraft:jungle_planks":32,"minecraft:shield":1,"minecraft:stick":16,"minecraft:iron_pickaxe":1,"minecraft:iron_ingot":3,"minecraft:wooden_axe":1,"minecraft:iron_block":1},"minecraft:mined":{"minecraft:tuff":3,"minecraft:spruce_planks":1,"minecraft:warped_stairs":2,"minecraft:spruce_trapdoor":4,"minecraft:cobbled_deepslate_slab":1,"minecraft:stripped_crimson_hyphae":2,"minecraft:jungle_log":9,"ecologics:coconut_leaves":1,"minecraft:light_gray_bed":3,"minecraft:frosted_ice":1,"minecraft:oak_wall_sign":1,"minecraft:spawner":3,"minecraft:hay_block":21,"minecraft:polished_blackstone_bricks":1,"farmersdelight:wild_rice":2,"minecraft:barrel":1,"minecraft:gold_block":8,"minecraft:bookshelf":7,"minecraft:deepslate_iron_ore":7,"minecraft:vine":2,"minecraft:iron_bars":2,"minecraft:bamboo":1,"minecraft:stone":15,"minecraft:spruce_slab":3,"minecraft:oak_slab":1,"minecraft:acacia_leaves":1,"minecraft:glass_pane":2,"minecraft:stone_brick_slab":1,"minecraft:crafting_table":4,"minecraft:spruce_wall_sign":1,"minecraft:glass":2,"minecraft:tall_grass":8,"minecraft:cobblestone":1,"minecraft:oak_planks":1,"minecraft:spruce_stairs":3,"ecologics:seashell":2,"minecraft:grass":2,"minecraft:oak_log":8,"minecraft:cracked_stone_bricks":2,"minecraft:polished_andesite":5,"minecraft:stone_bricks":1,"minecraft:piston":4,"minecraft:oak_leaves":5,"minecraft:deepslate":5},"minecraft:killed_by":{"minecraft:player":1,"minecraft:pillager":1,"undead_revamp2:thehorrors":1,"minecraft:vindicator":2,"minecraft:skeleton":10,"minecraft:zombie":1,"undead_revamp2:thebeartamer":1},"minecraft:picked_up":{"minecraft:crafting_table":3,"minecraft:chainmail_boots":1,"butchersdelightfoods:legcow":3,"ecologics:seashell":2,"minecraft:gold_block":7,"minecraft:enchanted_book":1,"minecraft:warped_stairs":1,"minecraft:armor_stand":1,"ecologics:tropical_stew":1,"minecraft:cobbled_deepslate":6,"minecraft:spruce_planks":1,"minecraft:beef":3,"minecraft:spruce_slab":1,"minecraft:spruce_trapdoor":2,"minecraft:piston":4,"ecologics:crab_claw":2,"minecraft:egg":1,"minecraft:stripped_crimson_hyphae":2,"butchersdelightfoods:cooked_sheeploin":1,"minecraft:stick":2,"minecraft:raw_iron":7,"ecologics:coconut_slice":17,"minecraft:spruce_stairs":3,"minecraft:polished_blackstone_bricks":1,"tombstone:grave_dust":3,"minecraft:carrot":8,"minecraft:goat_horn":1,"minecraft:rotten_flesh":5,"minecraft:light_gray_bed":3,"minecraft:arrow":23,"minecraft:hay_block":21,"minecraft:diamond_boots":1,"born_in_chaos_v1:spiny_shell":8,"supplementaries:ash":1,"minecraft:white_wool":7,"minecraft:cobblestone":35,"butchersdelightfoods:beeftenderloin":1,"minecraft:jungle_boat":5,"farmersdelight:rice":2,"minecraft:water_bucket":1,"minecraft:jungle_log":8,"minecraft:leather":9,"minecraft:tuff":3,"minecraft:oak_log":8,"minecraft:chainmail_chestplate":1,"scalinghealth:heart_crystal":2,"minecraft:lantern":1,"tombstone:gift":1,"minecraft:bone":7,"minecraft:apple":2,"minecraft:stone_bricks":1,"minecraft:wheat_seeds":1,"minecraft:cobbled_deepslate_slab":1,"minecraft:iron_ingot":8,"scalinghealth:power_crystal_shard":10,"minecraft:bamboo":14,"minecraft:oak_planks":25,"minecraft:book":21,"minecraft:oak_slab":1,"ecologics:coconut_husk":2,"minecraft:jungle_planks":4,"minecraft:white_bed":2,"minecraft:barrel":1,"alexsmobs:animal_dictionary":1,"farmersdelight:bacon_and_eggs":1,"minecraft:slime_ball":3,"minecraft:chainmail_leggings":1,"minecraft:golden_apple":1,"minecraft:chainmail_helmet":1,"minecraft:spruce_sign":19,"minecraft:emerald":3,"alexsmobs:maggot":1,"butchersdelightfoods:sheepshank":4,"minecraft:coal":1},"minecraft:killed":{"undead_revamp2:theimmortal":1,"born_in_chaos_v1:thornshell_crab":3,"born_in_chaos_v1:zombie_bruiser":2,"minecraft:skeleton":4,"ecologics:coconut_crab":2,"alexsmobs:skelewag":1,"born_in_chaos_v1:firelight_not_despawn":1,"undead_revamp2:the_moonflower":1,"minecraft:sheep":4,"minecraft:pillager":9,"minecraft:zombie":2},"minecraft:custom":{"minecraft:mob_kills":32,"minecraft:interact_with_crafting_table":14,"minecraft:open_barrel":53,"minecraft:leave_game":3,"minecraft:time_since_death":3707,"minecraft:climb_one_cm":6510,"minecraft:sprint_one_cm":306400,"minecraft:walk_one_cm":229168,"minecraft:damage_blocked_by_shield":765,"minecraft:drop":68,"minecraft:talked_to_villager":2,"minecraft:play_time":110051,"minecraft:deaths":18,"minecraft:sneak_time":5632,"minecraft:walk_under_water_one_cm":26264,"minecraft:boat_one_cm":172885,"minecraft:jump":2432,"minecraft:interact_with_brewingstand":1,"minecraft:walk_on_water_one_cm":28851,"minecraft:total_world_time":110051,"minecraft:interact_with_furnace":15,"tombstone:raider_killed":9,"minecraft:interact_with_loom":1,"minecraft:sleep_in_bed":3,"minecraft:time_since_rest":3414,"minecraft:damage_taken":5077,"minecraft:damage_dealt":8992,"tombstone:cast_on_ally":1,"minecraft:swim_one_cm":26563,"minecraft:fly_one_cm":850968,"minecraft:open_chest":71,"minecraft:crouch_one_cm":17727,"tombstone:undead_killed":11,"minecraft:fall_one_cm":68351},"minecraft:dropped":{"minecraft:water_bucket":1,"minecraft:iron_ingot":2,"minecraft:spruce_sign":19,"minecraft:wheat_seeds":1,"ecologics:coconut_slice":11,"minecraft:iron_helmet":3,"minecraft:lantern":1,"minecraft:jungle_planks":7,"ecologics:crab_claw":2,"minecraft:spruce_stairs":3,"minecraft:chainmail_helmet":1,"minecraft:golden_apple":1,"minecraft:coal":3,"farmersdelight:rice":2,"minecraft:stick":2,"minecraft:warped_stairs":1,"butchersdelightfoods:legcow":1,"minecraft:wooden_axe":2,"tombstone:grave_dust":5,"minecraft:polished_blackstone_bricks":1,"fabledweaponry:scythe_stone":1,"minecraft:chainmail_leggings":1,"minecraft:white_wool":3,"minecraft:bone":1,"alexsmobs:animal_dictionary":1,"minecraft:cobbled_deepslate":6,"minecraft:tuff":3,"minecraft:rotten_flesh":5,"minecraft:oak_planks":24,"minecraft:cobbled_deepslate_slab":1,"minecraft:white_bed":2,"scalinghealth:power_crystal_shard":5,"minecraft:chainmail_chestplate":1,"supplementaries:ash":1,"minecraft:skeleton_skull":1,"minecraft:spruce_trapdoor":2,"minecraft:spruce_planks":1,"minecraft:iron_chestplate":1,"ecologics:coconut_husk":2,"minecraft:stone_bricks":1,"minecraft:barrel":1,"minecraft:diamond_boots":2,"minecraft:spruce_slab":1,"minecraft:arrow":4,"minecraft:stone_pickaxe":1,"minecraft:wooden_pickaxe":1,"ecologics:seashell":2,"supplementaries:flute":1}},"DataVersion":3465}