{"stats":{"minecraft:mined":{"minecraft:waxed_cut_copper_slab":2,"minecraft:spruce_planks":3,"graveyard:small_black_urn":2,"graveyard:gray_urn":1,"minecraft:black_terracotta":2,"minecraft:brewing_stand":2,"minecraft:warped_stairs":2,"minecraft:spruce_trapdoor":5,"minecraft:stripped_crimson_hyphae":2,"minecraft:grass_block":3,"ecologics:coconut_leaves":1,"minecraft:jungle_log":9,"minecraft:cracked_polished_blackstone_bricks":1,"minecraft:light_gray_bed":3,"minecraft:mud_bricks":14,"minecraft:frosted_ice":1,"minecraft:oak_wall_sign":1,"graveyard:wither_skull_with_rib_cage":1,"minecraft:spawner":45,"minecraft:polished_blackstone_bricks":2,"regions_unexplored:stone_bud":1,"farmersdelight:wild_rice":2,"minecraft:barrel":1,"graveyard:leaning_wither_skeleton":1,"graveyard:ossuary":1,"minecraft:stripped_dark_oak_wood":10,"minecraft:polished_deepslate_slab":3,"minecraft:iron_bars":4,"graveyard:small_brown_urn":1,"minecraft:spruce_wood":2,"graveyard:wither_skull_pile":1,"minecraft:spruce_slab":3,"minecraft:deepslate_tile_slab":4,"minecraft:spruce_wall_sign":1,"minecraft:glass":2,"graveyard:skeleton_hand":2,"minecraft:cobblestone":2,"graveyard:lying_skeleton":1,"minecraft:oak_planks":4,"minecraft:iron_door":1,"graveyard:wither_skeleton_hand":1,"minecraft:dark_oak_door":4,"ecologics:seashell":2,"graveyard:skull_pile":1,"minecraft:grass":15,"graveyard:creeper_skeleton":1,"minecraft:oak_log":15,"minecraft:sand":1,"minecraft:dirt":1,"regions_unexplored:clover":1,"minecraft:raw_copper_block":1,"minecraft:piston":4,"minecraft:oak_leaves":12,"minecraft:deepslate":5,"minecraft:emerald_block":7,"minecraft:red_carpet":1,"minecraft:tuff":3,"minecraft:potted_wither_rose":1,"minecraft:cobbled_deepslate_slab":6,"minecraft:redstone_wire":1,"minecraft:moss_block":1,"minecraft:pink_wool":2,"minecraft:hay_block":21,"minecraft:packed_mud":9,"minecraft:green_terracotta":28,"regions_unexplored:frozen_grass":1,"minecraft:gold_block":8,"minecraft:bookshelf":9,"minecraft:deepslate_iron_ore":7,"minecraft:vine":7,"minecraft:smooth_quartz_stairs":1,"minecraft:bamboo":1,"minecraft:stone":16,"minecraft:green_wool":2,"minecraft:oak_slab":1,"minecraft:acacia_leaves":27,"minecraft:glass_pane":2,"born_in_chaos_v1:marigolds":1,"minecraft:stripped_dark_oak_log":8,"minecraft:stone_brick_slab":1,"graveyard:small_light_gray_urn":3,"minecraft:crafting_table":10,"minecraft:mangrove_wood":5,"minecraft:tall_grass":10,"minecraft:spruce_stairs":4,"graveyard:vase_block":7,"graveyard:skull_with_rib_cage":1,"minecraft:birch_leaves":1,"butcher:hook_block":1,"regions_unexplored:sandy_grass":4,"minecraft:yellow_concrete":64,"minecraft:cracked_stone_bricks":2,"minecraft:polished_blackstone":4,"minecraft:polished_andesite":5,"minecraft:stone_bricks":1,"minecraft:fern":2},"minecraft:dropped":{"minecraft:spruce_sign":19,"minecraft:acacia_wood":2,"minecraft:brown_mushroom":1,"minecraft:porkchop":5,"minecraft:oak_log":5,"minecraft:ender_pearl":1,"minecraft:diamond":32,"minecraft:crafting_table":2,"ecologics:coconut_slice":11,"minecraft:glow_berries":2,"minecraft:lantern":1,"minecraft:jungle_planks":7,"farmersdelight:rice":2,"minecraft:cod":1,"minecraft:cracked_polished_blackstone_bricks":1,"graveyard:small_black_urn":1,"born_in_chaos_v1:monster_flesh":1,"minecraft:dirt":2,"graveyard:small_brown_urn":1,"minecraft:packed_mud":2,"tombstone:bag_of_seeds":1,"minecraft:raw_copper_block":1,"born_in_chaos_v1:monster_skin":1,"butchersdelightfoods:legcow":1,"minecraft:mutton":10,"minecraft:crimson_roots":5,"minecraft:seagrass":3,"minecraft:horn_coral":1,"minecraft:stripped_dark_oak_wood":2,"butcher:hook_block":1,"minecraft:chain":1,"minecraft:polished_blackstone_bricks":2,"minecraft:sugar":2,"minecraft:iron_pickaxe":2,"minecraft:white_wool":4,"minecraft:armor_stand":1,"minecraft:bone":11,"minecraft:waxed_cut_copper_slab":2,"minecraft:stone_axe":1,"alexsmobs:animal_dictionary":2,"minecraft:cobbled_deepslate":6,"alexsmobs:crocodile_egg":1,"fabledweaponry:scythe_iron":1,"tombstone:gift":4,"minecraft:stripped_dark_oak_log":6,"minecraft:black_terracotta":2,"minecraft:rotten_flesh":43,"minecraft:oak_planks":28,"minecraft:white_bed":3,"minecraft:carrot":13,"minecraft:chainmail_chestplate":1,"minecraft:leather_chestplate":2,"butchersdelightfoods:sheeprack":1,"supplementaries:flax_seeds":3,"supplementaries:ash":7,"minecraft:gunpowder":7,"minecraft:skeleton_skull":1,"minecraft:melon_seeds":4,"born_in_chaos_v1:corpse_maggot":5,"minecraft:leather_boots":1,"ecologics:coconut_husk":2,"minecraft:chainmail_boots":1,"minecraft:leather_leggings":1,"minecraft:spruce_slab":1,"minecraft:iron_bars":2,"minecraft:arrow":19,"minecraft:beef":16,"butchersdelightfoods:sheeploin":1,"minecraft:water_bucket":1,"minecraft:iron_ingot":21,"minecraft:stripped_spruce_log":1,"minecraft:oak_slab":1,"minecraft:wheat_seeds":9,"minecraft:polished_blackstone":3,"minecraft:smooth_quartz_stairs":1,"butcher:butchers_knife":1,"minecraft:yellow_concrete":228,"minecraft:diamond_leggings":2,"minecraft:prismarine_shard":3,"minecraft:cobblestone":4,"minecraft:iron_helmet":5,"born_in_chaos_v1:orbofthe_summoner":1,"minecraft:apple":2,"ecologics:crab_claw":2,"minecraft:deepslate_tile_slab":13,"minecraft:spruce_stairs":5,"minecraft:chainmail_helmet":1,"minecraft:coal":5,"minecraft:golden_apple":2,"minecraft:stick":10,"minecraft:cobweb":12,"minecraft:gray_wool":2,"minecraft:warped_stairs":1,"scalinghealth:heart_crystal":3,"tombstone:grave_key":1,"minecraft:nether_wart_block":15,"minecraft:wooden_axe":2,"tombstone:grave_dust":12,"minecraft:iron_leggings":3,"minecraft:iron_axe":1,"graveyard:gray_urn":3,"minecraft:string":39,"fabledweaponry:scythe_stone":1,"minecraft:chainmail_leggings":1,"minecraft:redstone":13,"minecraft:moss_carpet":1,"minecraft:green_terracotta":13,"minecraft:tuff":3,"minecraft:experience_bottle":128,"butchersdelightfoods:porkribs":3,"butchersdelightfoods:sheepshank":3,"born_in_chaos_v1:rotten_fish":1,"minecraft:polished_deepslate_slab":1,"regions_unexplored:clover":5,"alexsmobs:ancient_dart":1,"minecraft:cobbled_deepslate_slab":5,"minecraft:torchflower_seeds":4,"scalinghealth:power_crystal_shard":5,"regions_unexplored:willow_log":1,"minecraft:diamond_sword":2,"minecraft:potato":23,"graveyard:small_light_gray_urn":4,"minecraft:mud_bricks":11,"minecraft:flower_pot":1,"minecraft:spruce_trapdoor":3,"minecraft:spruce_planks":1,"minecraft:bundle":2,"minecraft:iron_chestplate":2,"minecraft:pink_wool":2,"minecraft:oak_sapling":2,"farmersdelight:minced_beef":2,"butchersdelightfoods:ham":2,"minecraft:stone_bricks":1,"minecraft:barrel":2,"minecraft:diamond_boots":2,"undead_revamp2:clogggerribswithbun":1,"minecraft:blue_orchid":4,"minecraft:stone_pickaxe":2,"minecraft:wooden_pickaxe":1,"ecologics:seashell":2,"minecraft:black_wool":1,"supplementaries:flute":1},"minecraft:used":{"minecraft:shield":32,"minecraft:green_terracotta":13,"minecraft:iron_chestplate":1,"minecraft:jungle_planks":1,"minecraft:stripped_spruce_log":2,"minecraft:stripped_dark_oak_wood":3,"minecraft:spruce_wood":1,"minecraft:packed_mud":11,"minecraft:green_wool":2,"minecraft:iron_helmet":1,"butcher:blood_liquid_bucket":3,"minecraft:egg":1,"minecraft:stone_pickaxe":14,"minecraft:oak_planks":20,"minecraft:wooden_pickaxe":8,"fabledweaponry:scythe_stone":17,"minecraft:jungle_boat":5,"minecraft:white_wool":2,"minecraft:golden_apple":3,"minecraft:sand":1,"minecraft:blast_furnace":1,"minecraft:yellow_concrete":106,"minecraft:bread":108,"tombstone:grave_key":15,"minecraft:iron_door":1,"minecraft:experience_bottle":376,"minecraft:spruce_planks":2,"minecraft:torch":1,"minecraft:dirt":2,"scalinghealth:heart_crystal":39,"tombstone:scroll_of_aquatic_life":1,"minecraft:dark_oak_planks":19,"minecraft:wooden_axe":11,"alexsmobs:maggot":1,"butchersdelightfoods:sheeprack":1,"minecraft:iron_axe":50,"minecraft:mud_bricks":15,"minecraft:golden_carrot":5,"minecraft:emerald_block":1,"butcher:hook_block":2,"minecraft:goat_horn":23,"fabledweaponry:scythe_iron":100,"tombstone:gift":4,"minecraft:acacia_wood":4,"minecraft:powder_snow_bucket":1,"minecraft:light_gray_bed":2,"minecraft:water_bucket":96,"minecraft:mangrove_wood":5,"butcher:butchers_knife":41,"minecraft:polished_deepslate_slab":1,"minecraft:stripped_dark_oak_log":1,"minecraft:tnt":3,"minecraft:crafting_table":12,"minecraft:painting":4,"minecraft:dark_oak_door":6,"tombstone:bag_of_seeds":1,"minecraft:diamond_pickaxe":230,"minecraft:apple":29,"minecraft:iron_pickaxe":45,"minecraft:stone_axe":90,"minecraft:cobblestone":30,"fabledweaponry:scythe_diamond":821,"minecraft:bucket":99},"minecraft:custom":{"minecraft:interact_with_crafting_table":28,"minecraft:open_barrel":75,"minecraft:leave_game":5,"minecraft:time_since_death":1783,"minecraft:sprint_one_cm":826524,"minecraft:damage_blocked_by_shield":2914,"minecraft:drop":302,"minecraft:talked_to_villager":7,"minecraft:play_time":335533,"minecraft:deaths":72,"tombstone:tomb_raiding":1,"minecraft:jump":7588,"minecraft:interact_with_brewingstand":3,"minecraft:walk_on_water_one_cm":106675,"minecraft:interact_with_furnace":15,"minecraft:interact_with_loom":1,"minecraft:sleep_in_bed":6,"tombstone:sneak_grave":3,"minecraft:damage_dealt":63135,"minecraft:player_kills":5,"minecraft:crouch_one_cm":81432,"tombstone:undead_killed":109,"minecraft:inspect_dispenser":2,"minecraft:mob_kills":228,"minecraft:damage_dealt_resisted":2664,"minecraft:climb_one_cm":22796,"minecraft:walk_one_cm":703571,"minecraft:damage_dealt_absorbed":80,"minecraft:sneak_time":27672,"minecraft:walk_under_water_one_cm":90913,"minecraft:boat_one_cm":242042,"minecraft:total_world_time":335533,"tombstone:raider_killed":26,"minecraft:tune_noteblock":3,"minecraft:time_since_rest":1531,"minecraft:damage_taken":35399,"minecraft:damage_absorbed":122,"tombstone:cast_on_ally":1,"minecraft:swim_one_cm":164757,"minecraft:fly_one_cm":2024852,"minecraft:open_chest":169,"minecraft:fall_one_cm":190875},"minecraft:crafted":{"minecraft:oak_planks":36,"minecraft:stone":1,"fabledweaponry:scythe_stone":1,"minecraft:diamond_leggings":1,"tombstone:grave_key":6,"minecraft:chest":1,"minecraft:stone_hoe":1,"supplementaries:flute":2,"sophisticatedbackpacks:backpack":1,"minecraft:crafting_table":3,"minecraft:jungle_boat":1,"minecraft:wooden_pickaxe":1,"minecraft:diamond_pickaxe":1,"minecraft:shield":1,"minecraft:stick":24,"minecraft:iron_ingot":3,"minecraft:iron_pickaxe":1,"minecraft:iron_block":1,"butcher:butchers_knife":1,"minecraft:iron_nugget":9,"minecraft:iron_axe":1,"minecraft:iron_hoe":1,"minecraft:stone_pickaxe":1,"minecraft:diamond_boots":1,"minecraft:dark_oak_planks":12,"fabledweaponry:scythe_iron":1,"scalinghealth:heart_crystal":1,"minecraft:stone_axe":1,"minecraft:air":0,"minecraft:jungle_planks":32,"supplementaries:bubble_blower":2,"minecraft:wooden_axe":1,"minecraft:diamond_chestplate":1},"minecraft:broken":{"minecraft:diamond_helmet":2,"minecraft:diamond_boots":2,"minecraft:stone_axe":1,"minecraft:leather_helmet":1,"minecraft:diamond_chestplate":3,"minecraft:diamond_leggings":1},"minecraft:killed":{"minecraft:witch":8,"born_in_chaos_v1:restless_spirit":2,"minecraft:spider":3,"undead_revamp2:clogger":1,"alexsmobs:snow_leopard":2,"undead_revamp2:thesmoker":1,"alexsmobs:shoebill":1,"minecraft:cod":1,"minecraft:skeleton":44,"graveyard:acolyte":9,"ecologics:coconut_crab":2,"born_in_chaos_v1:baby_skeleton_2":1,"born_in_chaos_v1:supreme_bonescaller_stage_2":1,"alexsmobs:skelewag":1,"born_in_chaos_v1:firelight_not_despawn":1,"born_in_chaos_v1:bonescaller":1,"minecraft:zombie_villager":1,"minecraft:creeper":5,"minecraft:sheep":13,"born_in_chaos_v1:zombie_fisherman":3,"minecraft:pillager":12,"alexsmobs:cachalot_whale":1,"minecraft:zombie":19,"born_in_chaos_v1:dread_hound":1,"creeperoverhaul:swamp_creeper":1,"minecraft:stray":1,"born_in_chaos_v1:corpse_fly":5,"alexsmobs:fly":1,"mutantmonsters:mutant_creeper":1,"takesapillage:archer":1,"minecraft:evoker":1,"undead_revamp2:thehunter":6,"undead_revamp2:theimmortal":1,"graveyard:revenant":1,"minecraft:vindicator":2,"endermanoverhaul:swamp_enderman":1,"minecraft:slime":5,"born_in_chaos_v1:thornshell_crab":3,"born_in_chaos_v1:zombie_bruiser":3,"born_in_chaos_v1:maggot":11,"creeperoverhaul:snowy_creeper":2,"undead_revamp2:thebidy":1,"minecraft:drowned":4,"undead_revamp2:sucker":3,"graveyard:ghoul":2,"takesapillage:skirmisher":2,"undead_revamp2:the_moonflower":11,"minecraft:frog":1,"born_in_chaos_v1:decrepit_skeleton":1,"born_in_chaos_v1:phantom_creeper_copy":2,"alexsmobs:moose":1,"born_in_chaos_v1:nightmare_stalker":1,"minecraft:wither_skeleton":2},"minecraft:picked_up":{"minecraft:seagrass":3,"butchersdelightfoods:legcow":3,"minecraft:chainmail_boots":1,"minecraft:flower_pot":1,"minecraft:prismarine_shard":3,"minecraft:diamond_sword":1,"minecraft:wither_rose":1,"minecraft:potion":2,"minecraft:enchanted_book":2,"minecraft:brewing_stand":2,"minecraft:warped_stairs":1,"butcher:cowcorpseitem":3,"undead_revamp2:clogggerribswithbun":1,"minecraft:string":15,"minecraft:waxed_cut_copper_slab":2,"alexsmobs:ancient_dart":2,"minecraft:iron_leggings":2,"minecraft:armor_stand":2,"minecraft:diamond_leggings":1,"minecraft:cobbled_deepslate":6,"minecraft:bucket":1,"minecraft:spruce_planks":3,"minecraft:iron_pickaxe":1,"minecraft:smooth_quartz_stairs":1,"minecraft:dark_oak_door":7,"ecologics:crab_claw":2,"butchersdelightfoods:cooked_sheeploin":1,"minecraft:stick":11,"born_in_chaos_v1:shattered_skull":2,"minecraft:spruce_stairs":5,"minecraft:porkchop":5,"minecraft:dried_kelp":5,"tombstone:grave_dust":14,"minecraft:green_terracotta":26,"minecraft:goat_horn":1,"minecraft:light_gray_bed":3,"minecraft:rotten_flesh":53,"graveyard:small_brown_urn":1,"butchersdelightfoods:ham":2,"graveyard:gray_urn":3,"farmersdelight:rope":11,"minecraft:green_wool":2,"supplementaries:ash":6,"minecraft:iron_bars":2,"minecraft:cod":3,"minecraft:cobblestone":41,"minecraft:nautilus_shell":1,"minecraft:leather_chestplate":2,"butchersdelightfoods:beeftenderloin":1,"farmersdelight:rice":2,"minecraft:iron_door":1,"butcher:pig_corpse_item":4,"minecraft:water_bucket":3,"minecraft:jungle_log":8,"supplementaries:soap":1,"minecraft:tuff":3,"undead_revamp2:huntereye":1,"minecraft:wither_skeleton_skull":1,"minecraft:horn_coral":1,"minecraft:dirt":4,"minecraft:lantern":1,"born_in_chaos_v1:monster_skin":1,"minecraft:leather_boots":1,"minecraft:bone":67,"undead_revamp2:blacpetalblock":1,"minecraft:wheat_seeds":9,"minecraft:cobbled_deepslate_slab":5,"minecraft:raw_gold":3,"minecraft:glowstone_dust":2,"minecraft:diamond_helmet":1,"minecraft:bamboo":14,"minecraft:oak_planks":28,"aquaculture:atlantic_herring":1,"minecraft:black_terracotta":2,"minecraft:sand":1,"alexsmobs:crocodile_egg":1,"ecologics:coconut_husk":2,"minecraft:jungle_planks":4,"alexsmobs:animal_dictionary":1,"minecraft:barrel":2,"minecraft:bundle":2,"minecraft:sugar":2,"minecraft:diamond":3,"minecraft:mangrove_wood":5,"minecraft:cracked_polished_blackstone_bricks":1,"regions_unexplored:clover":5,"minecraft:bread":2,"minecraft:golden_apple":1,"regions_unexplored:willow_log":1,"minecraft:spruce_sign":19,"minecraft:emerald":10,"minecraft:chainmail_helmet":1,"alexsmobs:maggot":1,"minecraft:oak_sapling":2,"born_in_chaos_v1:rotten_fish":1,"butchersdelightfoods:sheepshank":7,"minecraft:crimson_roots":5,"minecraft:fishing_rod":1,"minecraft:crafting_table":9,"born_in_chaos_v1:seedof_chaos":4,"minecraft:leather_leggings":1,"ecologics:seashell":2,"minecraft:pink_wool":2,"minecraft:gold_block":7,"minecraft:chain":1,"minecraft:moss_carpet":1,"minecraft:iron_axe":1,"minecraft:flint_and_steel":1,"minecraft:blue_orchid":4,"ecologics:tropical_stew":1,"graveyard:corruption":12,"butchersdelightfoods:sheeploin":1,"graveyard:small_black_urn":1,"minecraft:beef":20,"minecraft:player_head":1,"minecraft:spruce_slab":1,"butchersdelightfoods:porkribs":3,"minecraft:piston":4,"minecraft:spruce_trapdoor":3,"minecraft:raw_copper_block":1,"minecraft:egg":2,"minecraft:stripped_crimson_hyphae":2,"minecraft:raw_iron":7,"minecraft:polished_deepslate_slab":2,"ecologics:coconut_slice":17,"farmersdelight:minced_beef":2,"minecraft:copper_ingot":6,"butcher:sheep_corpse_item":9,"minecraft:polished_blackstone_bricks":2,"minecraft:carrot":8,"minecraft:redstone":17,"minecraft:dark_oak_planks":7,"minecraft:diamond_chestplate":2,"minecraft:arrow":53,"minecraft:diamond_boots":1,"minecraft:hay_block":21,"minecraft:stripped_dark_oak_wood":5,"born_in_chaos_v1:spiny_shell":8,"minecraft:totem_of_undying":1,"butchersdelightfoods:sheeprack":2,"minecraft:polished_blackstone":3,"minecraft:mutton":10,"minecraft:glow_berries":2,"minecraft:white_wool":16,"born_in_chaos_v1:corpse_maggot":7,"born_in_chaos_v1:monster_flesh":1,"minecraft:jungle_boat":5,"minecraft:mud_bricks":21,"butcher:butchers_knife":1,"minecraft:golden_carrot":4,"minecraft:leather":9,"minecraft:acacia_wood":1,"minecraft:packed_mud":13,"graveyard:small_light_gray_urn":4,"minecraft:lily_pad":1,"minecraft:oak_log":14,"minecraft:chainmail_chestplate":1,"scalinghealth:bandages":3,"minecraft:nether_wart_block":15,"minecraft:gunpowder":10,"scalinghealth:heart_crystal":7,"minecraft:deepslate_tile_slab":13,"scalinghealth:medkit":1,"tombstone:gift":4,"minecraft:apple":2,"minecraft:stone_bricks":1,"minecraft:spruce_wood":1,"minecraft:iron_ingot":8,"minecraft:cobweb":12,"scalinghealth:power_crystal_shard":15,"tombstone:bag_of_seeds":2,"butcher:hook_block":3,"minecraft:glass_bottle":6,"minecraft:book":27,"minecraft:oak_slab":1,"scalinghealth:heart_crystal_shard":10,"endrem:witch_pupil":1,"minecraft:emerald_block":8,"minecraft:yellow_concrete":62,"born_in_chaos_v1:orbofthe_summoner":1,"born_in_chaos_v1:ethereal_spirit":4,"graveyard:ossuary":1,"minecraft:amethyst_shard":34,"minecraft:blast_furnace":1,"minecraft:white_bed":2,"farmersdelight:bacon_and_eggs":1,"minecraft:leather_helmet":1,"minecraft:slime_ball":10,"minecraft:chainmail_leggings":1,"minecraft:iron_helmet":1,"minecraft:painting":3,"minecraft:gray_wool":2,"tombstone:magic_scroll":3,"minecraft:black_wool":1,"minecraft:stripped_dark_oak_log":10,"minecraft:coal":3},"minecraft:killed_by":{"undead_revamp2:the_moonflower":2,"minecraft:wither_skeleton":3,"born_in_chaos_v1:nightmare_stalker":1,"minecraft:pillager":3,"alexsmobs:cachalot_whale":3,"undead_revamp2:clogger":1,"minecraft:vindicator":2,"minecraft:zombie":6,"born_in_chaos_v1:supreme_bonescaller_stage_2":4,"undead_revamp2:theheavy":1,"minecraft:player":3,"graveyard:ghoul":1,"takesapillage:skirmisher":1,"undead_revamp2:thehorrors":1,"undead_revamp2:thehunter":2,"minecraft:skeleton":36,"undead_revamp2:thebeartamer":1}},"DataVersion":3465}