{"stats":{"minecraft:used":{"minecraft:writable_book":1,"minecraft:stone_sword":13,"minecraft:shield":47,"minecraft:torch":37,"minecraft:dirt":9,"farmersdelight:rope":2,"minecraft:jungle_log":1,"minecraft:hay_block":1,"minecraft:deepslate_tile_stairs":1,"minecraft:furnace":6,"fabledweaponry:scythe_iron":90,"tombstone:gift":5,"supplementaries:bamboo_spikes_tipped":1,"butchersdelightfoods:cookedporkribs":1,"minecraft:iron_leggings":1,"farmersdelight:iron_knife":6,"minecraft:water_bucket":23,"minecraft:oak_planks":23,"minecraft:stone_pickaxe":40,"minecraft:wooden_pickaxe":24,"fabledweaponry:scythe_stone":15,"butchersdelightfoods:cookedsheepshank":1,"minecraft:crafting_table":8,"minecraft:red_bed":1,"scalinghealth:cursed_heart":1,"minecraft:white_bed":3,"endrem:corrupted_eye":1,"minecraft:oak_log":1,"ecologics:tropical_stew":1,"minecraft:bread":18,"minecraft:iron_pickaxe":66,"tombstone:magic_scroll":2,"minecraft:spruce_trapdoor":1,"ecologics:coconut_slice":4,"minecraft:stone_axe":47,"minecraft:blue_carpet":1,"minecraft:porkchop":1,"minecraft:bucket":23,"minecraft:oak_boat":1,"alexsmobs:animal_dictionary":1,"minecraft:chainmail_leggings":2,"minecraft:experience_bottle":3},"minecraft:mined":{"minecraft:blue_carpet":1,"minecraft:white_bed":3,"minecraft:light_gray_stained_glass_pane":2,"minecraft:mossy_cobblestone":4,"minecraft:cobblestone_stairs":1,"minecraft:jungle_leaves":1,"minecraft:grass_block":5,"minecraft:jungle_log":9,"minecraft:redstone_wire":1,"minecraft:coal_block":4,"minecraft:deepslate_tile_stairs":1,"minecraft:spruce_leaves":1,"minecraft:spawner":8,"minecraft:hay_block":1,"minecraft:raw_iron_block":2,"undead_revamp2:rareimmortalsummonblock":1,"minecraft:furnace":6,"minecraft:iron_ore":6,"minecraft:sticky_piston":1,"supplementaries:bamboo_spikes":2,"minecraft:barrel":1,"minecraft:enchanting_table":1,"minecraft:bookshelf":20,"minecraft:vine":3,"minecraft:iron_bars":4,"minecraft:stone":43,"minecraft:tripwire":1,"minecraft:red_bed":1,"minecraft:crafting_table":6,"minecraft:tall_grass":4,"minecraft:cobblestone":10,"minecraft:deepslate_coal_ore":8,"supplementaries:urn":1,"farmersdelight:wild_beetroots":1,"minecraft:blue_ice":2,"minecraft:tnt":16,"minecraft:grass":6,"minecraft:oak_log":11,"minecraft:coal_ore":19,"minecraft:gravel":1,"minecraft:dirt":16,"minecraft:cobweb":1,"minecraft:fern":1},"minecraft:crafted":{"butcher:bloodgrate":1,"minecraft:oak_planks":36,"minecraft:raw_iron":18,"minecraft:coal":36,"minecraft:iron_nugget":144,"minecraft:furnace":2,"minecraft:stone":1,"butchersdelightfoods:cookedsheepshank":1,"butchersdelightfoods:cooked_leg_cow":1,"fabledweaponry:scythe_stone":1,"minecraft:iron_bars":16,"minecraft:iron_boots":1,"butchersdelightfoods:cookedporkribs":1,"minecraft:iron_hoe":1,"minecraft:stone_pickaxe":1,"minecraft:stone_hoe":1,"minecraft:crafting_table":1,"fabledweaponry:scythe_iron":1,"minecraft:wooden_pickaxe":1,"minecraft:iron_helmet":1,"minecraft:stone_axe":1,"butchersdelightfoods:cookedsheeprack":1,"minecraft:air":0,"minecraft:jungle_planks":32,"minecraft:oak_boat":1,"minecraft:iron_chestplate":1,"minecraft:shield":1,"butcher:hook":2,"minecraft:stick":28,"minecraft:iron_pickaxe":1,"minecraft:iron_ingot":35,"butchersdelightfoods:cooked_sheeploin":1,"minecraft:iron_block":1,"minecraft:stone_sword":1,"minecraft:iron_leggings":1,"minecraft:white_bed":1,"minecraft:torch":52},"minecraft:killed_by":{"mutantmonsters:mutant_zombie":1,"graveyard:acolyte":1,"alexsmobs:elephant":1,"minecraft:vindicator":2,"minecraft:skeleton":11,"minecraft:zombie":2},"minecraft:picked_up":{"minecraft:crafting_table":9,"butchersdelightfoods:legcow":2,"minecraft:clay_ball":12,"minecraft:wooden_pickaxe":1,"minecraft:enchanted_book":2,"tombstone:grave_key":1,"minecraft:shield":2,"minecraft:string":2,"minecraft:red_bed":1,"minecraft:iron_leggings":1,"minecraft:sticky_piston":1,"ecologics:tropical_stew":1,"minecraft:beetroot":3,"butchersdelightfoods:sheeploin":1,"minecraft:spruce_planks":1,"farmersdelight:straw":1,"minecraft:iron_nugget":3,"minecraft:wooden_shovel":1,"minecraft:coal_block":4,"butchersdelightfoods:porkribs":1,"minecraft:spruce_trapdoor":1,"minecraft:furnace":6,"minecraft:egg":2,"minecraft:raw_iron":6,"ecologics:coconut_slice":10,"minecraft:torch":13,"supplementaries:bamboo_spikes_tipped":2,"minecraft:porkchop":1,"minecraft:redstone":2,"minecraft:deepslate_tile_stairs":1,"minecraft:blue_carpet":3,"minecraft:tnt":16,"minecraft:arrow":15,"minecraft:beetroot_seeds":13,"minecraft:hay_block":1,"butchersdelightfoods:sheeprack":1,"minecraft:mutton":1,"minecraft:iron_bars":4,"minecraft:white_wool":3,"minecraft:cobblestone":54,"minecraft:enchanting_table":1,"minecraft:jungle_log":9,"minecraft:flint":1,"minecraft:oak_log":10,"supplementaries:flute":1,"minecraft:cobblestone_stairs":1,"minecraft:wooden_hoe":2,"minecraft:dirt":20,"minecraft:white_banner":1,"minecraft:lantern":2,"tombstone:gift":1,"butcher:cow_skin":2,"minecraft:bone":13,"farmersdelight:iron_knife":1,"minecraft:apple":2,"minecraft:iron_ingot":2,"minecraft:oak_planks":6,"minecraft:book":57,"scalinghealth:heart_crystal_shard":3,"minecraft:raw_iron_block":2,"ecologics:coconut_husk":2,"minecraft:jungle_planks":8,"minecraft:spruce_sapling":1,"minecraft:white_bed":2,"minecraft:spider_eye":1,"minecraft:mossy_cobblestone":4,"minecraft:leather_helmet":2,"minecraft:diamond":4,"minecraft:chainmail_leggings":1,"scalinghealth:cursed_heart":1,"minecraft:spruce_sign":8,"minecraft:bread":3,"minecraft:emerald":2,"minecraft:oak_sapling":2,"butchersdelightfoods:sheepshank":1,"minecraft:coal":57},"minecraft:killed":{"minecraft:spider":2,"undead_revamp2:thesmoker":1,"born_in_chaos_v1:maggot":1,"minecraft:skeleton":8,"ecologics:coconut_crab":1,"undead_revamp2:the_moonflower":1,"minecraft:sheep":3,"minecraft:pillager":2,"undead_revamp2:thesomnolence":1,"minecraft:zombie":4,"alexsmobs:gazelle":4,"alexsmobs:fly":1},"minecraft:custom":{"minecraft:mob_kills":31,"minecraft:interact_with_crafting_table":32,"minecraft:open_barrel":48,"minecraft:eat_cake_slice":1,"minecraft:leave_game":3,"minecraft:time_since_death":3516,"minecraft:climb_one_cm":5865,"minecraft:sprint_one_cm":421139,"minecraft:walk_one_cm":393483,"minecraft:damage_blocked_by_shield":3161,"minecraft:drop":99,"minecraft:play_time":124496,"minecraft:deaths":18,"minecraft:sneak_time":8102,"minecraft:walk_under_water_one_cm":14480,"minecraft:boat_one_cm":207912,"minecraft:interact_with_lectern":1,"minecraft:interact_with_brewingstand":1,"minecraft:jump":2453,"minecraft:walk_on_water_one_cm":12596,"minecraft:total_world_time":124496,"minecraft:interact_with_furnace":45,"tombstone:raider_killed":2,"minecraft:interact_with_loom":3,"minecraft:sleep_in_bed":8,"minecraft:time_since_rest":0,"minecraft:damage_taken":4355,"minecraft:damage_dealt":6811,"tombstone:cast_on_ally":1,"minecraft:player_kills":2,"minecraft:swim_one_cm":42739,"minecraft:fly_one_cm":573164,"minecraft:open_chest":77,"minecraft:crouch_one_cm":30213,"tombstone:undead_killed":14,"minecraft:fall_one_cm":62489,"minecraft:inspect_dispenser":3},"minecraft:dropped":{"minecraft:enchanted_book":1,"minecraft:spruce_sign":8,"minecraft:iron_ingot":6,"farmersdelight:iron_knife":1,"minecraft:mossy_cobblestone":4,"minecraft:crafting_table":2,"ecologics:coconut_slice":6,"minecraft:cobblestone":25,"scalinghealth:heart_crystal_shard":1,"minecraft:lantern":2,"minecraft:leather_helmet":3,"minecraft:flint":1,"minecraft:cobblestone_stairs":1,"butchersdelightfoods:legcow":1,"minecraft:wooden_hoe":2,"minecraft:torch":11,"butchersdelightfoods:cookedsheeprack":1,"butchersdelightfoods:cooked_leg_cow":1,"butcher:hook":2,"tombstone:grave_key":1,"minecraft:mutton":1,"minecraft:iron_leggings":2,"minecraft:writable_book":1,"minecraft:white_banner":1,"fabledweaponry:scythe_stone":1,"minecraft:chainmail_leggings":1,"minecraft:string":1,"minecraft:blue_carpet":1,"minecraft:spruce_sapling":1,"minecraft:redstone":2,"minecraft:bone":2,"butcher:bloodgrate":1,"minecraft:iron_nugget":2,"minecraft:stone_sword":1,"alexsmobs:animal_dictionary":1,"minecraft:cobbled_deepslate":1,"minecraft:sticky_piston":1,"butcher:cow_skin":2,"minecraft:beetroot":3,"butchersdelightfoods:cooked_sheeploin":1,"minecraft:clay_ball":12,"minecraft:carrot":8,"supplementaries:bamboo_spikes_tipped":2,"minecraft:rabbit_hide":2,"minecraft:shield":3,"minecraft:spruce_planks":1,"minecraft:beetroot_seeds":13,"ecologics:coconut_husk":7,"minecraft:oak_sapling":2,"minecraft:spider_eye":1,"minecraft:bamboo":8,"minecraft:iron_bars":19,"minecraft:wooden_pickaxe":2,"minecraft:stone_pickaxe":1,"minecraft:egg":2}},"DataVersion":3465}