{"stats":{"minecraft:crafted":{"minecraft:oak_planks":64,"minecraft:stone":1,"butchersdelightfoods:cooked_leg_cow":1,"fabledweaponry:scythe_stone":1,"minecraft:iron_bars":16,"minecraft:diamond_leggings":2,"minecraft:diamond_helmet":2,"minecraft:iron_boots":1,"butchersdelightfoods:cookedporkribs":1,"minecraft:chest":1,"minecraft:stone_hoe":1,"sophisticatedbackpacks:backpack":1,"minecraft:diamond_axe":1,"minecraft:crafting_table":4,"minecraft:wooden_pickaxe":1,"minecraft:iron_helmet":1,"minecraft:gold_block":21,"butchersdelightfoods:cookedsheeprack":1,"minecraft:iron_chestplate":1,"minecraft:diamond_pickaxe":1,"minecraft:shield":2,"minecraft:stick":36,"minecraft:iron_ingot":35,"minecraft:iron_pickaxe":1,"minecraft:iron_block":8,"minecraft:stone_sword":1,"butcher:bloodgrate":1,"minecraft:raw_iron":18,"minecraft:coal":36,"minecraft:iron_nugget":144,"minecraft:diamond_hoe":1,"minecraft:furnace":2,"fabledweaponry:scythe_diamond":1,"butchersdelightfoods:cookedsheepshank":1,"minecraft:diamond_block":1,"minecraft:iron_hoe":1,"minecraft:stone_pickaxe":1,"minecraft:diamond_boots":1,"minecraft:dark_oak_planks":72,"fabledweaponry:scythe_iron":2,"minecraft:stone_axe":1,"minecraft:air":0,"minecraft:jungle_planks":32,"minecraft:oak_boat":1,"butcher:hook":2,"butchersdelightfoods:cooked_sheeploin":1,"minecraft:iron_leggings":1,"minecraft:white_bed":1,"minecraft:torch":52,"minecraft:diamond_chestplate":2},"minecraft:mined":{"minecraft:dark_oak_planks":6,"minecraft:blue_carpet":1,"minecraft:white_bed":3,"minecraft:cobblestone_stairs":1,"minecraft:jungle_leaves":1,"minecraft:spruce_trapdoor":1,"minecraft:grass_block":6,"minecraft:jungle_log":9,"minecraft:cracked_polished_blackstone_bricks":1,"minecraft:coal_block":4,"minecraft:deepslate_tile_stairs":1,"minecraft:spawner":48,"minecraft:raw_iron_block":2,"undead_revamp2:rareimmortalsummonblock":1,"minecraft:iron_ore":6,"minecraft:sticky_piston":1,"minecraft:barrel":1,"minecraft:stripped_dark_oak_wood":13,"minecraft:enchanting_table":1,"minecraft:iron_bars":8,"graveyard:small_brown_urn":1,"minecraft:tripwire":1,"minecraft:red_bed":5,"minecraft:blast_furnace":1,"minecraft:cobblestone":10,"minecraft:oak_planks":1,"minecraft:iron_door":1,"minecraft:blue_ice":2,"minecraft:tnt":16,"minecraft:grass":14,"minecraft:oak_log":18,"minecraft:dirt":20,"minecraft:emerald_block":6,"minecraft:light_gray_stained_glass_pane":2,"minecraft:mossy_cobblestone":4,"minecraft:redstone_wire":1,"minecraft:spruce_leaves":1,"minecraft:hay_block":1,"minecraft:furnace":6,"supplementaries:bamboo_spikes":2,"minecraft:acacia_wood":1,"minecraft:green_terracotta":1,"minecraft:bookshelf":22,"minecraft:vine":3,"minecraft:stone":46,"minecraft:glass_pane":1,"graveyard:small_light_gray_urn":1,"minecraft:crafting_table":11,"minecraft:tall_grass":4,"minecraft:deepslate_coal_ore":8,"supplementaries:urn":1,"graveyard:small_red_urn":1,"farmersdelight:wild_beetroots":1,"graveyard:vase_block":3,"minecraft:coal_ore":19,"minecraft:gravel":1,"graveyard:leaning_skeleton":1,"minecraft:cobweb":7,"minecraft:polished_blackstone":1,"minecraft:fern":3},"minecraft:killed":{"minecraft:witch":1,"minecraft:spider":3,"undead_revamp2:thesmoker":1,"minecraft:skeleton":30,"graveyard:acolyte":11,"ecologics:coconut_crab":1,"undead_revamp2:therod":1,"minecraft:creeper":1,"minecraft:sheep":3,"minecraft:pillager":2,"minecraft:zombie":7,"alexsmobs:fly":1,"born_in_chaos_v1:maggot":1,"born_in_chaos_v1:barrel_zombie":1,"graveyard:ghoul":2,"undead_revamp2:the_moonflower":1,"undead_revamp2:thesomnolence":1,"alexsmobs:gazelle":4,"minecraft:wither_skeleton":3},"minecraft:broken":{"minecraft:shield":2},"minecraft:used":{"minecraft:writable_book":1,"minecraft:polished_blackstone":1,"minecraft:shield":88,"minecraft:bow":44,"minecraft:hay_block":1,"minecraft:furnace":6,"supplementaries:bamboo_spikes_tipped":1,"butchersdelightfoods:cookedporkribs":1,"minecraft:stone_pickaxe":40,"minecraft:oak_planks":35,"minecraft:ender_pearl":1,"minecraft:wooden_pickaxe":24,"fabledweaponry:scythe_stone":15,"butchersdelightfoods:cookedsheepshank":1,"minecraft:diamond_axe":20,"minecraft:golden_apple":3,"scalinghealth:cursed_heart":1,"endrem:corrupted_eye":1,"minecraft:bread":33,"ecologics:coconut_slice":4,"minecraft:oak_boat":1,"minecraft:experience_bottle":3,"minecraft:stone_sword":13,"minecraft:torch":47,"minecraft:dirt":24,"scalinghealth:heart_crystal":6,"farmersdelight:rope":2,"minecraft:dark_oak_planks":64,"minecraft:wooden_axe":11,"minecraft:jungle_log":1,"minecraft:deepslate_tile_stairs":1,"fabledweaponry:scythe_iron":127,"tombstone:gift":5,"minecraft:iron_leggings":1,"farmersdelight:iron_knife":6,"minecraft:water_bucket":25,"minecraft:tnt":11,"minecraft:crafting_table":15,"minecraft:red_bed":4,"minecraft:white_bed":3,"minecraft:oak_log":1,"minecraft:diamond_pickaxe":48,"ecologics:tropical_stew":1,"minecraft:iron_pickaxe":80,"tombstone:magic_scroll":2,"minecraft:spruce_trapdoor":1,"minecraft:stone_axe":49,"minecraft:blue_carpet":1,"fabledweaponry:scythe_diamond":146,"minecraft:porkchop":1,"minecraft:bucket":24,"alexsmobs:animal_dictionary":1,"minecraft:chainmail_leggings":2},"minecraft:killed_by":{"mutantmonsters:mutant_zombie":1,"minecraft:wither_skeleton":2,"graveyard:acolyte":6,"alexsmobs:elephant":1,"minecraft:vindicator":2,"minecraft:zombie":2,"creeperoverhaul:jungle_creeper":1,"minecraft:player":1,"graveyard:ghoul":1,"undead_revamp2:theswarmer":1,"minecraft:skeleton":24},"minecraft:dropped":{"minecraft:spruce_sign":8,"farmersdelight:iron_knife":2,"minecraft:candle":3,"graveyard:small_red_urn":1,"minecraft:crafting_table":3,"ecologics:coconut_slice":6,"minecraft:lantern":2,"minecraft:leather_helmet":3,"minecraft:sentry_armor_trim_smithing_template":2,"minecraft:red_carpet":1,"minecraft:cobblestone_stairs":1,"minecraft:flint":1,"minecraft:cracked_polished_blackstone_bricks":3,"minecraft:dirt":50,"butchersdelightfoods:cooked_leg_cow":1,"butchersdelightfoods:cookedsheeprack":1,"butchersdelightfoods:legcow":1,"butcher:hook":2,"minecraft:mutton":1,"minecraft:writable_book":1,"minecraft:amethyst_shard":4,"minecraft:iron_pickaxe":4,"minecraft:fermented_spider_eye":34,"minecraft:bone":2,"minecraft:stone_axe":1,"butcher:bloodgrate":1,"minecraft:iron_nugget":2,"minecraft:cobbled_deepslate":1,"alexsmobs:animal_dictionary":1,"minecraft:black_carpet":2,"fabledweaponry:scythe_iron":3,"minecraft:beetroot":3,"minecraft:rotten_flesh":7,"minecraft:oak_planks":2,"minecraft:blaze_powder":12,"minecraft:carrot":8,"minecraft:rabbit_foot":12,"minecraft:rabbit_hide":2,"minecraft:gunpowder":3,"butchersdelightfoods:beeftenderloin":5,"minecraft:beetroot_seeds":13,"minecraft:leather_boots":5,"ecologics:coconut_husk":7,"minecraft:iron_bars":19,"minecraft:beef":2,"minecraft:ghast_tear":15,"minecraft:egg":2,"minecraft:enchanted_book":2,"minecraft:iron_ingot":6,"minecraft:wheat_seeds":1,"minecraft:mossy_cobblestone":4,"minecraft:diamond_leggings":1,"minecraft:iron_helmet":1,"minecraft:cobblestone":25,"scalinghealth:heart_crystal_shard":1,"minecraft:book":22,"minecraft:cobweb":20,"minecraft:torch":11,"minecraft:wooden_hoe":2,"tombstone:grave_key":1,"minecraft:wooden_axe":1,"minecraft:diamond_helmet":1,"minecraft:iron_leggings":2,"minecraft:white_banner":1,"fabledweaponry:scythe_stone":1,"minecraft:chainmail_leggings":5,"minecraft:string":1,"minecraft:blue_carpet":1,"minecraft:spruce_sapling":1,"minecraft:redstone":2,"minecraft:sweet_berries":3,"minecraft:stone_sword":1,"minecraft:nether_wart":36,"minecraft:sticky_piston":1,"butcher:cow_skin":2,"butchersdelightfoods:cooked_sheeploin":1,"minecraft:clay_ball":12,"minecraft:iron_boots":2,"alexsmobs:ancient_dart":1,"farmersdelight:straw":1,"minecraft:pumpkin_seeds":12,"supplementaries:bamboo_spikes_tipped":2,"minecraft:blast_furnace":1,"minecraft:diamond_sword":1,"graveyard:small_light_gray_urn":5,"minecraft:shield":3,"minecraft:diamond_chestplate":1,"minecraft:spruce_trapdoor":3,"minecraft:spruce_planks":1,"minecraft:iron_chestplate":1,"minecraft:oak_sapling":2,"minecraft:spider_eye":1,"minecraft:bamboo":8,"minecraft:slime_ball":3,"minecraft:bow":1,"minecraft:stone_pickaxe":1,"minecraft:wooden_pickaxe":2,"minecraft:magma_cream":30},"minecraft:picked_up":{"minecraft:wooden_axe":1,"minecraft:black_carpet":2,"butchersdelightfoods:legcow":2,"minecraft:sentry_armor_trim_smithing_template":2,"minecraft:diamond_sword":1,"minecraft:enchanted_book":3,"tombstone:grave_key":1,"minecraft:string":15,"minecraft:iron_leggings":1,"minecraft:sticky_piston":1,"minecraft:beetroot":3,"minecraft:spruce_planks":1,"minecraft:wooden_shovel":1,"minecraft:iron_pickaxe":3,"minecraft:coal_block":4,"minecraft:iron_boots":1,"minecraft:furnace":6,"minecraft:stick":2,"minecraft:porkchop":1,"minecraft:torch":13,"supplementaries:bamboo_spikes_tipped":2,"tombstone:grave_dust":3,"minecraft:deepslate_tile_stairs":1,"minecraft:rabbit_foot":12,"minecraft:rotten_flesh":7,"minecraft:iron_bars":4,"minecraft:blaze_powder":12,"minecraft:cobblestone":54,"minecraft:enchanting_table":2,"butchersdelightfoods:beeftenderloin":5,"minecraft:magma_cream":30,"minecraft:iron_door":1,"minecraft:jungle_log":9,"minecraft:flint":1,"supplementaries:flute":1,"minecraft:dirt":85,"minecraft:lantern":2,"minecraft:leather_boots":5,"minecraft:bone":82,"butcher:cow_skin":2,"farmersdelight:iron_knife":1,"minecraft:bow":1,"minecraft:wheat_seeds":1,"minecraft:oak_planks":9,"minecraft:ghast_tear":15,"minecraft:jungle_planks":8,"ecologics:coconut_husk":2,"minecraft:fermented_spider_eye":34,"minecraft:mossy_cobblestone":4,"minecraft:diamond":6,"minecraft:cracked_polished_blackstone_bricks":3,"minecraft:emerald":28,"graveyard:small_red_urn":1,"minecraft:spruce_sign":8,"minecraft:bread":3,"scalinghealth:cursed_heart":1,"butchersdelightfoods:sheepshank":1,"minecraft:oak_sapling":2,"minecraft:crafting_table":15,"minecraft:nether_wart":36,"minecraft:clay_ball":12,"minecraft:wooden_pickaxe":1,"minecraft:shield":2,"minecraft:red_bed":5,"ecologics:tropical_stew":1,"graveyard:corruption":7,"butchersdelightfoods:sheeploin":1,"minecraft:candle":3,"minecraft:beef":4,"farmersdelight:straw":1,"minecraft:iron_nugget":3,"butchersdelightfoods:porkribs":1,"minecraft:spruce_trapdoor":4,"minecraft:egg":2,"minecraft:raw_iron":6,"ecologics:coconut_slice":10,"minecraft:copper_ingot":4,"minecraft:redstone":2,"minecraft:blue_carpet":3,"minecraft:dark_oak_planks":6,"minecraft:tnt":35,"minecraft:arrow":61,"minecraft:diamond_chestplate":1,"minecraft:beetroot_seeds":13,"minecraft:hay_block":1,"minecraft:stripped_dark_oak_wood":18,"butchersdelightfoods:sheeprack":1,"minecraft:gold_ingot":2,"minecraft:polished_blackstone":1,"minecraft:mutton":1,"minecraft:white_wool":3,"minecraft:leather":6,"graveyard:small_light_gray_urn":5,"minecraft:oak_log":17,"scalinghealth:bandages":4,"minecraft:gunpowder":3,"minecraft:cobblestone_stairs":1,"scalinghealth:heart_crystal":6,"minecraft:wooden_hoe":2,"tombstone:gift":1,"minecraft:white_banner":1,"scalinghealth:medkit":1,"minecraft:red_carpet":1,"fabledweaponry:scythe_iron":3,"minecraft:apple":2,"minecraft:iron_ingot":6,"minecraft:cobweb":20,"minecraft:book":143,"scalinghealth:heart_crystal_shard":3,"minecraft:emerald_block":5,"minecraft:sweet_berries":3,"minecraft:raw_iron_block":2,"minecraft:amethyst_shard":4,"minecraft:spruce_sapling":1,"minecraft:blast_furnace":1,"minecraft:white_bed":2,"minecraft:spider_eye":1,"minecraft:leather_helmet":2,"minecraft:pumpkin_seeds":12,"minecraft:slime_ball":6,"minecraft:chainmail_leggings":4,"minecraft:coal":57},"minecraft:custom":{"minecraft:interact_with_crafting_table":47,"minecraft:open_barrel":51,"minecraft:eat_cake_slice":1,"minecraft:leave_game":4,"minecraft:time_since_death":5319,"minecraft:sprint_one_cm":759013,"minecraft:damage_blocked_by_shield":7462,"minecraft:drop":228,"minecraft:play_time":210431,"minecraft:deaths":43,"minecraft:jump":4024,"minecraft:interact_with_brewingstand":1,"minecraft:walk_on_water_one_cm":22782,"minecraft:interact_with_furnace":45,"minecraft:interact_with_loom":3,"minecraft:sleep_in_bed":11,"minecraft:damage_dealt":18121,"minecraft:player_kills":2,"minecraft:crouch_one_cm":62496,"tombstone:undead_killed":46,"minecraft:inspect_dispenser":3,"minecraft:mob_kills":79,"minecraft:climb_one_cm":9276,"minecraft:walk_one_cm":612825,"minecraft:sneak_time":23068,"minecraft:walk_under_water_one_cm":21824,"minecraft:boat_one_cm":207912,"minecraft:interact_with_lectern":1,"minecraft:interact_with_blast_furnace":2,"minecraft:total_world_time":210431,"tombstone:raider_killed":3,"minecraft:time_since_rest":4359,"minecraft:damage_taken":12405,"minecraft:damage_absorbed":80,"tombstone:cast_on_ally":1,"minecraft:swim_one_cm":43797,"minecraft:fly_one_cm":894728,"minecraft:open_chest":122,"minecraft:fall_one_cm":107163}},"DataVersion":3465}