{"stats":{"minecraft:crafted":{"minecraft:crafting_table":1,"minecraft:wooden_pickaxe":1,"minecraft:stone_axe":1,"minecraft:iron_axe":1,"minecraft:stick":8,"minecraft:stone_pickaxe":1,"minecraft:acacia_planks":48},"minecraft:mined":{"minecraft:acacia_leaves":8,"minecraft:spruce_planks":2,"minecraft:blackstone":3,"regions_unexplored:barley":33,"minecraft:cobbled_deepslate_stairs":1,"minecraft:crafting_table":2,"minecraft:acacia_log":19,"minecraft:grass_block":3,"minecraft:tall_grass":11,"minecraft:soul_soil":3,"minecraft:copper_ore":2,"minecraft:cobblestone":5,"minecraft:deepslate_coal_ore":2,"minecraft:moss_block":1,"minecraft:spawner":7,"minecraft:spruce_stairs":1,"minecraft:chain":1,"minecraft:andesite":1,"minecraft:grass":39,"minecraft:coal_ore":27,"minecraft:iron_bars":1,"minecraft:gravel":1,"minecraft:dirt":70,"minecraft:stone":25,"minecraft:stone_bricks":3,"minecraft:deepslate":16},"minecraft:killed":{"minecraft:skeleton":11,"aquaculture:minnow":2,"undead_revamp2:thesomnolence":1,"minecraft:zombie":2,"born_in_chaos_v1:corpse_fly":1},"minecraft:used":{"minecraft:iron_bars":1,"minecraft:acacia_log":2,"minecraft:stone_pickaxe":112,"minecraft:blackstone":3,"minecraft:spruce_planks":1,"minecraft:wooden_pickaxe":18,"minecraft:rotten_flesh":1,"minecraft:golden_apple":1,"minecraft:dirt":50,"scalinghealth:heart_crystal":1,"minecraft:crafting_table":3,"born_in_chaos_v1:corpse_maggot":2,"minecraft:iron_axe":2,"minecraft:stone_axe":71,"minecraft:bow":20,"minecraft:cobblestone":24,"minecraft:soul_soil":3,"tombstone:gift":7,"alexsmobs:animal_dictionary":5,"minecraft:egg":2},"minecraft:dropped":{"minecraft:stone_axe":2,"minecraft:soul_soil":1,"minecraft:wheat_seeds":1,"tombstone:gift":1,"regions_unexplored:barley":21,"minecraft:iron_bars":1},"minecraft:picked_up":{"born_in_chaos_v1:corpse_maggot":2,"minecraft:crafting_table":2,"minecraft:andesite":1,"minecraft:enchanted_book":1,"minecraft:flint":1,"minecraft:chain":1,"minecraft:cobbled_deepslate_stairs":1,"scalinghealth:heart_crystal":4,"minecraft:dirt":72,"tombstone:gift":2,"minecraft:soul_soil":4,"minecraft:raw_copper":6,"minecraft:bone":14,"minecraft:blackstone":3,"minecraft:stone_bricks":3,"minecraft:bow":1,"minecraft:wheat_seeds":5,"minecraft:cobbled_deepslate":16,"minecraft:spruce_planks":2,"aquaculture:minnow":1,"minecraft:moss_block":1,"minecraft:acacia_sapling":2,"minecraft:egg":2,"minecraft:stick":1,"scalinghealth:heart_crystal_shard":4,"minecraft:acacia_log":19,"minecraft:stone_button":1,"tombstone:grave_dust":1,"regions_unexplored:barley":21,"minecraft:bundle":1,"minecraft:arrow":11,"minecraft:rotten_flesh":1,"minecraft:stone_axe":1,"minecraft:coal":29,"minecraft:iron_bars":2,"minecraft:cobblestone":30},"minecraft:killed_by":{"undead_revamp2:thehunter":1,"mutantmonsters:mutant_skeleton":1,"minecraft:skeleton":20,"minecraft:zombie":1},"minecraft:custom":{"minecraft:interact_with_anvil":1,"minecraft:mob_kills":20,"minecraft:interact_with_crafting_table":4,"minecraft:open_barrel":8,"minecraft:leave_game":2,"minecraft:time_since_death":498,"minecraft:time_since_rest":1,"minecraft:sprint_one_cm":118887,"minecraft:damage_taken":4086,"minecraft:walk_one_cm":106239,"tombstone:sneak_grave":1,"minecraft:drop":7,"minecraft:damage_dealt":2977,"minecraft:swim_one_cm":6705,"minecraft:fly_one_cm":186335,"minecraft:open_chest":14,"minecraft:crouch_one_cm":9647,"minecraft:play_time":37907,"tombstone:undead_killed":13,"minecraft:deaths":23,"minecraft:sneak_time":4237,"minecraft:walk_under_water_one_cm":2548,"minecraft:interact_with_lectern":1,"minecraft:jump":900,"minecraft:walk_on_water_one_cm":2272,"minecraft:total_world_time":37907,"minecraft:fall_one_cm":13418}},"DataVersion":3465}