{"stats":{"minecraft:crafted":{"minecraft:bow":1,"minecraft:iron_axe":1,"minecraft:stone_pickaxe":1,"minecraft:chest":1,"sophisticatedbackpacks:iron_backpack":1,"sophisticatedbackpacks:backpack":1,"minecraft:crafting_table":8,"minecraft:wooden_pickaxe":1,"minecraft:iron_sword":5,"sophisticatedbackpacks:gold_backpack":1,"scalinghealth:heart_crystal":4,"minecraft:stone_axe":1,"minecraft:stick":24,"minecraft:iron_pickaxe":1,"minecraft:acacia_planks":48},"minecraft:mined":{"minecraft:stone_pressure_plate":1,"minecraft:spruce_planks":2,"minecraft:mossy_cobblestone":20,"regions_unexplored:barley":33,"minecraft:cobbled_deepslate_stairs":1,"minecraft:granite":44,"minecraft:acacia_log":19,"minecraft:grass_block":3,"minecraft:soul_soil":3,"minecraft:moss_block":1,"minecraft:spawner":36,"minecraft:mossy_cobblestone_stairs":3,"minecraft:iron_ore":4,"minecraft:andesite":18,"minecraft:enchanting_table":1,"minecraft:mossy_stone_brick_stairs":3,"minecraft:iron_bars":18,"minecraft:stone":169,"minecraft:acacia_leaves":8,"minecraft:quartz_block":3,"minecraft:blackstone":3,"supplementaries:book_pile":1,"minecraft:crafting_table":2,"minecraft:lectern":1,"minecraft:copper_ore":2,"minecraft:tall_grass":12,"minecraft:cobblestone":19,"minecraft:deepslate_coal_ore":2,"minecraft:oak_planks":21,"minecraft:iron_door":1,"minecraft:diorite":3,"minecraft:skeleton_skull":1,"minecraft:spruce_stairs":1,"minecraft:chain":1,"minecraft:lime_bed":2,"minecraft:stone_brick_stairs":3,"minecraft:grass":47,"minecraft:black_wool":1,"minecraft:coal_ore":27,"minecraft:gravel":3,"minecraft:dirt":70,"minecraft:cobweb":7,"minecraft:cracked_stone_bricks":28,"minecraft:stone_bricks":29,"minecraft:mossy_stone_bricks":28,"minecraft:deepslate":16},"minecraft:killed":{"minecraft:cave_spider":40,"undead_revamp2:thehunter":4,"born_in_chaos_v1:restless_spirit":1,"minecraft:spider":5,"born_in_chaos_v1:maggot":7,"minecraft:skeleton":256,"minecraft:chicken":1,"born_in_chaos_v1:baby_skeleton_2":2,"undead_revamp2:sucker":1,"undead_revamp2:the_moonflower":1,"minecraft:creeper":2,"born_in_chaos_v1:decrepit_skeleton":2,"aquaculture:minnow":2,"undead_revamp2:thesomnolence":1,"minecraft:zombie":21,"alexsmobs:cockroach":1,"minecraft:stray":2,"born_in_chaos_v1:corpse_fly":2,"born_in_chaos_v1:dark_vortex":1},"minecraft:broken":{"minecraft:iron_chestplate":1,"minecraft:iron_leggings":1,"minecraft:chainmail_helmet":1,"minecraft:chainmail_chestplate":1,"minecraft:leather_boots":1,"minecraft:iron_sword":5},"minecraft:used":{"minecraft:iron_bars":3,"minecraft:polished_granite_stairs":1,"minecraft:acacia_log":2,"minecraft:spruce_planks":2,"minecraft:shield":34,"minecraft:iron_sword":1356,"minecraft:rotten_flesh":2,"minecraft:dirt":50,"scalinghealth:heart_crystal":28,"minecraft:music_disc_13":1,"minecraft:granite":5,"born_in_chaos_v1:corpse_maggot":2,"minecraft:bricks":1,"minecraft:iron_axe":46,"minecraft:stone_brick_stairs":2,"minecraft:stone_bricks":10,"minecraft:bow":35,"minecraft:soul_soil":3,"tombstone:gift":9,"minecraft:egg":3,"minecraft:stone_pressure_plate":1,"minecraft:potato":8,"minecraft:cooked_beef":23,"minecraft:mossy_stone_bricks":2,"minecraft:oak_planks":73,"minecraft:stone_pickaxe":116,"minecraft:blackstone":3,"minecraft:wooden_pickaxe":18,"minecraft:cracked_stone_bricks":2,"minecraft:golden_apple":1,"minecraft:mossy_cobblestone":1,"minecraft:lime_bed":2,"minecraft:crafting_table":10,"tombstone:bag_of_seeds":2,"minecraft:bread":22,"minecraft:string":1,"minecraft:iron_pickaxe":398,"tombstone:magic_scroll":39,"minecraft:polished_granite":3,"minecraft:gravel":2,"minecraft:stone_axe":71,"minecraft:enchanted_book":1,"minecraft:cobblestone":113,"minecraft:andesite":2,"alexsmobs:animal_dictionary":6},"minecraft:killed_by":{"undead_revamp2:sucker":1,"undead_revamp2:the_moonflower":1,"minecraft:creeper":2,"undead_revamp2:clogger":1,"undead_revamp2:thehunter":1,"mutantmonsters:mutant_skeleton":1,"minecraft:skeleton":25,"minecraft:zombie":4},"minecraft:picked_up":{"minecraft:iron_chestplate":3,"minecraft:crafting_table":2,"minecraft:leather_leggings":5,"minecraft:oak_stairs":3,"minecraft:enchanted_book":2,"minecraft:stone_brick_stairs":4,"minecraft:chain":1,"minecraft:shield":1,"minecraft:string":47,"minecraft:soul_soil":4,"minecraft:raw_copper":6,"minecraft:iron_leggings":19,"minecraft:blackstone":3,"minecraft:cracked_stone_bricks":33,"minecraft:cobbled_deepslate":16,"minecraft:spruce_planks":2,"minecraft:iron_nugget":2,"minecraft:lectern":1,"minecraft:iron_boots":9,"minecraft:egg":3,"minecraft:tipped_arrow":2,"minecraft:golden_helmet":2,"minecraft:raw_iron":4,"minecraft:stick":1,"born_in_chaos_v1:shattered_skull":2,"minecraft:acacia_log":19,"minecraft:stone_button":1,"tombstone:grave_dust":61,"minecraft:diorite":2,"minecraft:golden_chestplate":12,"minecraft:stone_pressure_plate":3,"minecraft:black_dye":1,"regions_unexplored:barley":21,"minecraft:polished_granite_stairs":1,"minecraft:arrow":266,"minecraft:rotten_flesh":27,"minecraft:iron_bars":38,"minecraft:skeleton_skull":1,"minecraft:cobblestone":273,"minecraft:enchanting_table":1,"born_in_chaos_v1:corpse_maggot":8,"minecraft:lime_bed":2,"minecraft:leather_chestplate":2,"minecraft:iron_door":1,"minecraft:andesite":19,"minecraft:leather":2,"minecraft:golden_leggings":5,"minecraft:potato":5,"minecraft:flint":1,"minecraft:granite_stairs":2,"minecraft:oak_log":5,"minecraft:golden_boots":9,"minecraft:cobbled_deepslate_stairs":1,"minecraft:gunpowder":6,"scalinghealth:heart_crystal":23,"minecraft:dirt":72,"tombstone:gift":2,"minecraft:polished_granite":3,"minecraft:leather_boots":3,"minecraft:bone":298,"minecraft:stone_bricks":25,"minecraft:bow":20,"minecraft:wheat_seeds":5,"scalinghealth:power_crystal_shard":9,"tombstone:bag_of_seeds":2,"minecraft:mossy_stone_bricks":33,"aquaculture:minnow":2,"minecraft:diamond_helmet":2,"minecraft:moss_block":1,"minecraft:iron_sword":1,"minecraft:oak_planks":46,"minecraft:acacia_sapling":2,"minecraft:mossy_stone_brick_stairs":2,"scalinghealth:heart_crystal_shard":48,"minecraft:chiseled_stone_bricks":1,"born_in_chaos_v1:ethereal_spirit":3,"minecraft:gravel":6,"minecraft:leather_helmet":2,"minecraft:spider_eye":16,"minecraft:mossy_cobblestone":27,"minecraft:bundle":4,"minecraft:stone_axe":2,"minecraft:chainmail_leggings":3,"minecraft:iron_helmet":7,"minecraft:granite":39,"minecraft:mossy_cobblestone_stairs":3,"minecraft:chainmail_helmet":1,"tombstone:magic_scroll":6,"minecraft:black_wool":1,"minecraft:coal":29,"minecraft:bricks":1},"minecraft:dropped":{"farmersdelight:tomato_seeds":2,"minecraft:golden_boots":8,"minecraft:iron_sword":1,"minecraft:brown_mushroom":1,"born_in_chaos_v1:shattered_skull":1,"minecraft:wheat_seeds":1,"minecraft:golden_helmet":2,"minecraft:mossy_cobblestone":18,"minecraft:pitcher_pod":3,"minecraft:iron_helmet":7,"minecraft:cobblestone":199,"aquaculture:minnow":2,"minecraft:granite":34,"minecraft:cracked_stone_bricks":15,"minecraft:leather_helmet":1,"minecraft:stick":3,"regions_unexplored:barley":21,"minecraft:diamond_helmet":1,"tombstone:grave_dust":23,"minecraft:iron_leggings":18,"minecraft:granite_stairs":2,"minecraft:chainmail_leggings":4,"minecraft:string":1,"minecraft:gravel":4,"minecraft:stone_axe":2,"minecraft:soul_soil":1,"minecraft:iron_nugget":2,"minecraft:golden_chestplate":10,"alexsmobs:animal_dictionary":1,"tombstone:gift":1,"minecraft:iron_boots":9,"minecraft:torchflower_seeds":1,"minecraft:pumpkin_seeds":3,"minecraft:chiseled_stone_bricks":1,"minecraft:leather_chestplate":2,"minecraft:potato":5,"minecraft:shield":2,"minecraft:bundle":3,"minecraft:iron_chestplate":3,"minecraft:charcoal":1,"minecraft:andesite":1,"minecraft:melon_seeds":1,"born_in_chaos_v1:corpse_maggot":3,"minecraft:mossy_stone_bricks":20,"minecraft:leather_boots":3,"minecraft:golden_leggings":4,"minecraft:stone_pressure_plate":1,"minecraft:leather_leggings":4,"minecraft:spider_eye":3,"minecraft:stone_bricks":10,"minecraft:iron_bars":26,"minecraft:bow":11,"minecraft:stone_brick_stairs":1},"minecraft:custom":{"minecraft:mob_kills":368,"minecraft:interact_with_anvil":1,"minecraft:interact_with_crafting_table":34,"minecraft:open_barrel":26,"minecraft:damage_dealt_resisted":40,"minecraft:eat_cake_slice":5,"minecraft:leave_game":4,"minecraft:time_since_death":69115,"minecraft:climb_one_cm":312,"minecraft:sprint_one_cm":441775,"minecraft:walk_one_cm":472332,"minecraft:damage_blocked_by_shield":3133,"minecraft:drop":181,"minecraft:play_time":166199,"minecraft:deaths":36,"minecraft:sneak_time":12379,"minecraft:walk_under_water_one_cm":3075,"minecraft:interact_with_lectern":2,"minecraft:jump":2295,"minecraft:interact_with_brewingstand":1,"minecraft:walk_on_water_one_cm":4024,"minecraft:total_world_time":166199,"minecraft:play_record":1,"minecraft:time_since_rest":66716,"minecraft:damage_taken":13979,"tombstone:sneak_grave":1,"minecraft:damage_dealt":52504,"minecraft:swim_one_cm":9170,"minecraft:fly_one_cm":459695,"minecraft:open_chest":103,"minecraft:crouch_one_cm":30161,"tombstone:undead_killed":289,"minecraft:fall_one_cm":23391}},"DataVersion":3465}